{
  "model": "deepseek.v3.2",
  "model_name": "DeepSeek V3.2",
  "provider": "DeepSeek",
  "experiment": "02a-premature-compression-bedrock-replication",
  "timestamp": "2026-03-14T10:56:12.261809+00:00",
  "n_tasks": 8,
  "tasks": [
    {
      "task_id": "pc_01",
      "category": "synthesis",
      "jaccard_distance": 0.8475177304964538,
      "new_words_ratio": 0.749271137026239,
      "dropped_words_ratio": 0.7198697068403909,
      "length_ratio": 1.137169348241069,
      "partial_net_confidence": 0.0,
      "full_net_confidence": 0.0017605633802816902,
      "confidence_shift": 0.0017605633802816902,
      "partial_certainty_score": 0.0,
      "full_certainty_score": 0.0017605633802816902,
      "certainty_shift": 0.0017605633802816902,
      "partial_word_count": 307,
      "full_word_count": 343
    },
    {
      "task_id": "pc_02",
      "category": "synthesis",
      "jaccard_distance": 0.846938775510204,
      "new_words_ratio": 0.7747747747747747,
      "dropped_words_ratio": 0.6767241379310345,
      "length_ratio": 1.6107253086419753,
      "partial_net_confidence": 0.0028735632183908046,
      "full_net_confidence": 0.0018248175182481751,
      "confidence_shift": -0.0010487457001426294,
      "partial_certainty_score": 0.0028735632183908046,
      "full_certainty_score": 0.0018248175182481751,
      "certainty_shift": -0.0010487457001426294,
      "partial_word_count": 232,
      "full_word_count": 333
    },
    {
      "task_id": "pc_03",
      "category": "analysis",
      "jaccard_distance": 0.8265486725663717,
      "new_words_ratio": 0.703030303030303,
      "dropped_words_ratio": 0.7057057057057057,
      "length_ratio": 0.9597590361445784,
      "partial_net_confidence": 0.0,
      "full_net_confidence": -0.001869158878504673,
      "confidence_shift": -0.001869158878504673,
      "partial_certainty_score": 0.0,
      "full_certainty_score": -0.003738317757009346,
      "certainty_shift": -0.003738317757009346,
      "partial_word_count": 333,
      "full_word_count": 330
    },
    {
      "task_id": "pc_04",
      "category": "analysis",
      "jaccard_distance": 0.8599640933572711,
      "new_words_ratio": 0.7790368271954674,
      "dropped_words_ratio": 0.723404255319149,
      "length_ratio": 1.2096392667060911,
      "partial_net_confidence": 0.0020964360587002098,
      "full_net_confidence": 0.0,
      "confidence_shift": -0.0020964360587002098,
      "partial_certainty_score": 0.0020964360587002098,
      "full_certainty_score": 0.0,
      "certainty_shift": -0.0020964360587002098,
      "partial_word_count": 282,
      "full_word_count": 353
    },
    {
      "task_id": "pc_05",
      "category": "recommendation",
      "jaccard_distance": 0.8320987654320988,
      "new_words_ratio": 0.7545126353790613,
      "dropped_words_ratio": 0.6530612244897959,
      "length_ratio": 1.4934668989547037,
      "partial_net_confidence": 0.0,
      "full_net_confidence": 0.0,
      "confidence_shift": 0.0,
      "partial_certainty_score": 0.0,
      "full_certainty_score": 0.0,
      "certainty_shift": 0.0,
      "partial_word_count": 196,
      "full_word_count": 277
    },
    {
      "task_id": "pc_06",
      "category": "recommendation",
      "jaccard_distance": 0.8082191780821918,
      "new_words_ratio": 0.7142857142857143,
      "dropped_words_ratio": 0.631578947368421,
      "length_ratio": 1.3225806451612903,
      "partial_net_confidence": 0.0,
      "full_net_confidence": 0.002257336343115124,
      "confidence_shift": 0.002257336343115124,
      "partial_certainty_score": 0.0,
      "full_certainty_score": 0.002257336343115124,
      "certainty_shift": 0.002257336343115124,
      "partial_word_count": 228,
      "full_word_count": 294
    },
    {
      "task_id": "pc_07",
      "category": "interpretation",
      "jaccard_distance": 0.7944111776447106,
      "new_words_ratio": 0.6761006289308176,
      "dropped_words_ratio": 0.6398601398601399,
      "length_ratio": 1.018253299634934,
      "partial_net_confidence": 0.0,
      "full_net_confidence": 0.0,
      "confidence_shift": 0.0,
      "partial_certainty_score": 0.0,
      "full_certainty_score": -0.0019569471624266144,
      "certainty_shift": -0.0019569471624266144,
      "partial_word_count": 286,
      "full_word_count": 318
    },
    {
      "task_id": "pc_08",
      "category": "interpretation",
      "jaccard_distance": 0.8514851485148515,
      "new_words_ratio": 0.7443181818181818,
      "dropped_words_ratio": 0.7383720930232558,
      "length_ratio": 1.0350877192982457,
      "partial_net_confidence": 0.0018552875695732839,
      "full_net_confidence": 0.0,
      "confidence_shift": -0.0018552875695732839,
      "partial_certainty_score": 0.0018552875695732839,
      "full_certainty_score": 0.0,
      "certainty_shift": -0.0018552875695732839,
      "partial_word_count": 344,
      "full_word_count": 352
    }
  ]
}