{
  "model": "qwen.qwen3-next-80b-a3b",
  "model_name": "Qwen3 Next 80B-A3B",
  "provider": "Qwen",
  "experiment": "02a-premature-compression-bedrock-replication",
  "timestamp": "2026-03-14T11:00:42.451152+00:00",
  "n_tasks": 8,
  "tasks": [
    {
      "task_id": "pc_01",
      "category": "synthesis",
      "jaccard_distance": 0.8190298507462687,
      "new_words_ratio": 0.712166172106825,
      "dropped_words_ratio": 0.6722972972972973,
      "length_ratio": 1.1041776837652035,
      "partial_net_confidence": 0.0038910505836575876,
      "full_net_confidence": 0.001763668430335097,
      "confidence_shift": -0.0021273821533224907,
      "partial_certainty_score": 0.0038910505836575876,
      "full_certainty_score": 0.001763668430335097,
      "certainty_shift": -0.0021273821533224907,
      "partial_word_count": 296,
      "full_word_count": 337
    },
    {
      "task_id": "pc_02",
      "category": "synthesis",
      "jaccard_distance": 0.822141560798548,
      "new_words_ratio": 0.7307692307692307,
      "dropped_words_ratio": 0.656140350877193,
      "length_ratio": 1.2812135355892649,
      "partial_net_confidence": 0.0021321961620469083,
      "full_net_confidence": 0.0017241379310344827,
      "confidence_shift": -0.00040805823101242554,
      "partial_certainty_score": 0.0021321961620469083,
      "full_certainty_score": 0.0017241379310344827,
      "certainty_shift": -0.00040805823101242554,
      "partial_word_count": 285,
      "full_word_count": 364
    },
    {
      "task_id": "pc_03",
      "category": "analysis",
      "jaccard_distance": 0.830220713073005,
      "new_words_ratio": 0.696969696969697,
      "dropped_words_ratio": 0.7214484679665738,
      "length_ratio": 0.8958858102434929,
      "partial_net_confidence": -0.003110419906687403,
      "full_net_confidence": -0.0017761989342806395,
      "confidence_shift": 0.0013342209724067633,
      "partial_certainty_score": -0.003110419906687403,
      "full_certainty_score": -0.0017761989342806395,
      "certainty_shift": 0.0013342209724067633,
      "partial_word_count": 359,
      "full_word_count": 330
    },
    {
      "task_id": "pc_04",
      "category": "analysis",
      "jaccard_distance": 0.851063829787234,
      "new_words_ratio": 0.7861111111111111,
      "dropped_words_ratio": 0.6709401709401709,
      "length_ratio": 1.5018355359765052,
      "partial_net_confidence": 0.0027624309392265192,
      "full_net_confidence": 0.0017761989342806395,
      "confidence_shift": -0.0009862320049458797,
      "partial_certainty_score": 0.0027624309392265192,
      "full_certainty_score": 0.0,
      "certainty_shift": -0.0027624309392265192,
      "partial_word_count": 234,
      "full_word_count": 360
    },
    {
      "task_id": "pc_05",
      "category": "recommendation",
      "jaccard_distance": 0.7761506276150627,
      "new_words_ratio": 0.6786786786786787,
      "dropped_words_ratio": 0.5753968253968254,
      "length_ratio": 1.3090342679127727,
      "partial_net_confidence": 0.0,
      "full_net_confidence": 0.0,
      "confidence_shift": 0.0,
      "partial_certainty_score": 0.0,
      "full_certainty_score": -0.0018018018018018018,
      "certainty_shift": -0.0018018018018018018,
      "partial_word_count": 252,
      "full_word_count": 333
    },
    {
      "task_id": "pc_06",
      "category": "recommendation",
      "jaccard_distance": 0.8099173553719008,
      "new_words_ratio": 0.735632183908046,
      "dropped_words_ratio": 0.5964912280701754,
      "length_ratio": 1.816326530612245,
      "partial_net_confidence": -0.0030303030303030303,
      "full_net_confidence": -0.0017574692442882249,
      "confidence_shift": 0.0012728337860148055,
      "partial_certainty_score": -0.0030303030303030303,
      "full_certainty_score": -0.0017574692442882249,
      "certainty_shift": 0.0012728337860148055,
      "partial_word_count": 228,
      "full_word_count": 348
    },
    {
      "task_id": "pc_07",
      "category": "interpretation",
      "jaccard_distance": 0.7952468007312614,
      "new_words_ratio": 0.6696165191740413,
      "dropped_words_ratio": 0.65,
      "length_ratio": 1.0446358653093186,
      "partial_net_confidence": -0.0017699115044247787,
      "full_net_confidence": 0.0,
      "confidence_shift": 0.0017699115044247787,
      "partial_certainty_score": -0.0035398230088495575,
      "full_certainty_score": 0.0,
      "certainty_shift": 0.0035398230088495575,
      "partial_word_count": 320,
      "full_word_count": 339
    },
    {
      "task_id": "pc_08",
      "category": "interpretation",
      "jaccard_distance": 0.7887067395264117,
      "new_words_ratio": 0.6795580110497238,
      "dropped_words_ratio": 0.6171617161716172,
      "length_ratio": 1.2358657243816253,
      "partial_net_confidence": -0.006198347107438017,
      "full_net_confidence": -0.003284072249589491,
      "confidence_shift": 0.002914274857848526,
      "partial_certainty_score": -0.006198347107438017,
      "full_certainty_score": -0.0049261083743842365,
      "certainty_shift": 0.0012722387330537802,
      "partial_word_count": 303,
      "full_word_count": 362
    }
  ]
}