{
  "model": "qwen.qwen3-32b-v1:0",
  "model_name": "Qwen3 32B",
  "provider": "Qwen",
  "experiment": "02a-premature-compression-bedrock-replication",
  "timestamp": "2026-03-14T10:56:53.769061+00:00",
  "n_tasks": 8,
  "tasks": [
    {
      "task_id": "pc_01",
      "category": "synthesis",
      "jaccard_distance": 0.7638297872340425,
      "new_words_ratio": 0.5934065934065934,
      "dropped_words_ratio": 0.6396103896103896,
      "length_ratio": 0.9555445789083724,
      "partial_net_confidence": 0.0,
      "full_net_confidence": 0.0,
      "confidence_shift": 0.0,
      "partial_certainty_score": 0.0,
      "full_certainty_score": 0.0,
      "certainty_shift": 0.0,
      "partial_word_count": 308,
      "full_word_count": 273
    },
    {
      "task_id": "pc_02",
      "category": "synthesis",
      "jaccard_distance": 0.7668845315904139,
      "new_words_ratio": 0.6635220125786163,
      "dropped_words_ratio": 0.5685483870967742,
      "length_ratio": 1.3656181874805358,
      "partial_net_confidence": 0.0,
      "full_net_confidence": 0.0016666666666666668,
      "confidence_shift": 0.0016666666666666668,
      "partial_certainty_score": 0.0,
      "full_certainty_score": 0.0016666666666666668,
      "certainty_shift": 0.0016666666666666668,
      "partial_word_count": 248,
      "full_word_count": 318
    },
    {
      "task_id": "pc_03",
      "category": "analysis",
      "jaccard_distance": 0.7585470085470085,
      "new_words_ratio": 0.613013698630137,
      "dropped_words_ratio": 0.6089965397923875,
      "length_ratio": 0.9593674500329453,
      "partial_net_confidence": -0.0015408320493066256,
      "full_net_confidence": -0.003395585738539898,
      "confidence_shift": -0.0018547536892332725,
      "partial_certainty_score": -0.0015408320493066256,
      "full_certainty_score": -0.003395585738539898,
      "certainty_shift": -0.0018547536892332725,
      "partial_word_count": 289,
      "full_word_count": 292
    },
    {
      "task_id": "pc_04",
      "category": "analysis",
      "jaccard_distance": 0.8223062381852552,
      "new_words_ratio": 0.6996805111821086,
      "dropped_words_ratio": 0.6967741935483871,
      "length_ratio": 0.9908477842003853,
      "partial_net_confidence": 0.0018148820326678765,
      "full_net_confidence": 0.0,
      "confidence_shift": -0.0018148820326678765,
      "partial_certainty_score": 0.0,
      "full_certainty_score": 0.0,
      "certainty_shift": 0.0,
      "partial_word_count": 310,
      "full_word_count": 313
    },
    {
      "task_id": "pc_05",
      "category": "recommendation",
      "jaccard_distance": 0.7762863534675615,
      "new_words_ratio": 0.6539792387543253,
      "dropped_words_ratio": 0.6124031007751938,
      "length_ratio": 1.133632790567097,
      "partial_net_confidence": 0.0,
      "full_net_confidence": 0.0,
      "confidence_shift": 0.0,
      "partial_certainty_score": 0.0,
      "full_certainty_score": -0.001869158878504673,
      "certainty_shift": -0.001869158878504673,
      "partial_word_count": 258,
      "full_word_count": 289
    },
    {
      "task_id": "pc_06",
      "category": "recommendation",
      "jaccard_distance": 0.74364896073903,
      "new_words_ratio": 0.6372549019607843,
      "dropped_words_ratio": 0.5336134453781513,
      "length_ratio": 1.3657086223984143,
      "partial_net_confidence": 0.0,
      "full_net_confidence": -0.0017953321364452424,
      "confidence_shift": -0.0017953321364452424,
      "partial_certainty_score": 0.0,
      "full_certainty_score": -0.0017953321364452424,
      "certainty_shift": -0.0017953321364452424,
      "partial_word_count": 238,
      "full_word_count": 306
    },
    {
      "task_id": "pc_07",
      "category": "interpretation",
      "jaccard_distance": 0.7315436241610738,
      "new_words_ratio": 0.6013289036544851,
      "dropped_words_ratio": 0.5488721804511278,
      "length_ratio": 1.0602816901408452,
      "partial_net_confidence": -0.001937984496124031,
      "full_net_confidence": 0.0,
      "confidence_shift": 0.001937984496124031,
      "partial_certainty_score": -0.001937984496124031,
      "full_certainty_score": -0.0017421602787456446,
      "certainty_shift": 0.00019582421737838638,
      "partial_word_count": 266,
      "full_word_count": 301
    },
    {
      "task_id": "pc_08",
      "category": "interpretation",
      "jaccard_distance": 0.7312252964426877,
      "new_words_ratio": 0.5763239875389408,
      "dropped_words_ratio": 0.5763239875389408,
      "length_ratio": 0.9529035208047554,
      "partial_net_confidence": 0.0,
      "full_net_confidence": -0.0016286644951140066,
      "confidence_shift": -0.0016286644951140066,
      "partial_certainty_score": 0.0,
      "full_certainty_score": -0.0016286644951140066,
      "certainty_shift": -0.0016286644951140066,
      "partial_word_count": 321,
      "full_word_count": 321
    }
  ]
}