{
  "model": "zai.glm-4.7",
  "model_name": "GLM 4.7",
  "provider": "Z.AI",
  "experiment": "02a-premature-compression-bedrock-replication",
  "timestamp": "2026-03-14T11:13:24.973154+00:00",
  "n_tasks": 8,
  "tasks": [
    {
      "task_id": "pc_01",
      "category": "synthesis",
      "jaccard_distance": 0.8076923076923077,
      "new_words_ratio": 0.726962457337884,
      "dropped_words_ratio": 0.6059113300492611,
      "length_ratio": 1.4843686561104343,
      "partial_net_confidence": 0.002824858757062147,
      "full_net_confidence": 0.0019880715705765406,
      "confidence_shift": -0.0008367871864856063,
      "partial_certainty_score": 0.002824858757062147,
      "full_certainty_score": 0.0019880715705765406,
      "certainty_shift": -0.0008367871864856063,
      "partial_word_count": 203,
      "full_word_count": 293
    },
    {
      "task_id": "pc_02",
      "category": "synthesis",
      "jaccard_distance": 0.8115577889447236,
      "new_words_ratio": 0.7524752475247525,
      "dropped_words_ratio": 0.5588235294117647,
      "length_ratio": 1.9009057005860415,
      "partial_net_confidence": 0.003787878787878788,
      "full_net_confidence": 0.001984126984126984,
      "confidence_shift": -0.001803751803751804,
      "partial_certainty_score": 0.003787878787878788,
      "full_certainty_score": 0.001984126984126984,
      "certainty_shift": -0.001803751803751804,
      "partial_word_count": 170,
      "full_word_count": 303
    },
    {
      "task_id": "pc_03",
      "category": "analysis",
      "jaccard_distance": 0.8057259713701431,
      "new_words_ratio": 0.6964856230031949,
      "dropped_words_ratio": 0.6494464944649446,
      "length_ratio": 1.172116527942925,
      "partial_net_confidence": -0.002109704641350211,
      "full_net_confidence": -0.001692047377326565,
      "confidence_shift": 0.0004176572640236457,
      "partial_certainty_score": -0.002109704641350211,
      "full_certainty_score": -0.001692047377326565,
      "certainty_shift": 0.0004176572640236457,
      "partial_word_count": 271,
      "full_word_count": 313
    },
    {
      "task_id": "pc_04",
      "category": "analysis",
      "jaccard_distance": 0.8412698412698413,
      "new_words_ratio": 0.7643097643097643,
      "dropped_words_ratio": 0.6728971962616822,
      "length_ratio": 1.3579825559347745,
      "partial_net_confidence": 0.0,
      "full_net_confidence": 0.0,
      "confidence_shift": 0.0,
      "partial_certainty_score": 0.0,
      "full_certainty_score": 0.0,
      "certainty_shift": 0.0,
      "partial_word_count": 214,
      "full_word_count": 297
    },
    {
      "task_id": "pc_05",
      "category": "recommendation",
      "jaccard_distance": 0.7667638483965015,
      "new_words_ratio": 0.7101449275362319,
      "dropped_words_ratio": 0.4557823129251701,
      "length_ratio": 2.0545339251743817,
      "partial_net_confidence": 0.0,
      "full_net_confidence": 0.0,
      "confidence_shift": 0.0,
      "partial_certainty_score": 0.0,
      "full_certainty_score": -0.002207505518763797,
      "certainty_shift": -0.002207505518763797,
      "partial_word_count": 147,
      "full_word_count": 276
    },
    {
      "task_id": "pc_06",
      "category": "recommendation",
      "jaccard_distance": 0.7958579881656804,
      "new_words_ratio": 0.7463235294117647,
      "dropped_words_ratio": 0.4888888888888889,
      "length_ratio": 2.451255539143279,
      "partial_net_confidence": 0.0,
      "full_net_confidence": -0.002257336343115124,
      "confidence_shift": -0.002257336343115124,
      "partial_certainty_score": 0.0,
      "full_certainty_score": -0.002257336343115124,
      "certainty_shift": -0.002257336343115124,
      "partial_word_count": 135,
      "full_word_count": 272
    },
    {
      "task_id": "pc_07",
      "category": "interpretation",
      "jaccard_distance": 0.7958715596330275,
      "new_words_ratio": 0.6962457337883959,
      "dropped_words_ratio": 0.6163793103448276,
      "length_ratio": 1.302857142857143,
      "partial_net_confidence": 0.0,
      "full_net_confidence": 0.0,
      "confidence_shift": 0.0,
      "partial_certainty_score": -0.0026109660574412533,
      "full_certainty_score": 0.0,
      "certainty_shift": 0.0026109660574412533,
      "partial_word_count": 232,
      "full_word_count": 293
    },
    {
      "task_id": "pc_08",
      "category": "interpretation",
      "jaccard_distance": 0.828125,
      "new_words_ratio": 0.7755102040816326,
      "dropped_words_ratio": 0.5769230769230769,
      "length_ratio": 2.0894361633182115,
      "partial_net_confidence": 0.0,
      "full_net_confidence": -0.002079002079002079,
      "confidence_shift": -0.002079002079002079,
      "partial_certainty_score": 0.0,
      "full_certainty_score": -0.002079002079002079,
      "certainty_shift": -0.002079002079002079,
      "partial_word_count": 156,
      "full_word_count": 294
    }
  ]
}