{
  "model": "moonshotai.kimi-k2.5",
  "model_name": "Kimi K2.5",
  "provider": "Moonshot",
  "experiment": "02a-premature-compression-bedrock-replication",
  "timestamp": "2026-03-14T11:14:48.142991+00:00",
  "n_tasks": 8,
  "tasks": [
    {
      "task_id": "pc_01",
      "category": "synthesis",
      "jaccard_distance": 0.8047493403693932,
      "new_words_ratio": 0.6864406779661016,
      "dropped_words_ratio": 0.6589861751152074,
      "length_ratio": 1.1641975308641976,
      "partial_net_confidence": -0.003003003003003003,
      "full_net_confidence": 0.0,
      "confidence_shift": 0.003003003003003003,
      "partial_certainty_score": -0.003003003003003003,
      "full_certainty_score": 0.0,
      "certainty_shift": 0.003003003003003003,
      "partial_word_count": 217,
      "full_word_count": 236
    },
    {
      "task_id": "pc_02",
      "category": "synthesis",
      "jaccard_distance": 0.8091397849462365,
      "new_words_ratio": 0.6844444444444444,
      "dropped_words_ratio": 0.6743119266055045,
      "length_ratio": 1.0703030303030303,
      "partial_net_confidence": 0.0029940119760479044,
      "full_net_confidence": 0.0029850746268656717,
      "confidence_shift": -8.937349182232702e-06,
      "partial_certainty_score": 0.0029940119760479044,
      "full_certainty_score": 0.0029850746268656717,
      "certainty_shift": -8.937349182232702e-06,
      "partial_word_count": 218,
      "full_word_count": 225
    },
    {
      "task_id": "pc_03",
      "category": "analysis",
      "jaccard_distance": 0.8207171314741035,
      "new_words_ratio": 0.7406340057636888,
      "dropped_words_ratio": 0.6326530612244898,
      "length_ratio": 1.5678168773488212,
      "partial_net_confidence": -0.0026666666666666666,
      "full_net_confidence": -0.0034482758620689655,
      "confidence_shift": -0.0007816091954022989,
      "partial_certainty_score": -0.005333333333333333,
      "full_certainty_score": -0.0034482758620689655,
      "certainty_shift": 0.0018850574712643677,
      "partial_word_count": 245,
      "full_word_count": 347
    },
    {
      "task_id": "pc_04",
      "category": "analysis",
      "jaccard_distance": 0.8480176211453745,
      "new_words_ratio": 0.8022922636103151,
      "dropped_words_ratio": 0.603448275862069,
      "length_ratio": 2.20719794344473,
      "partial_net_confidence": 0.0,
      "full_net_confidence": -0.0018083182640144665,
      "confidence_shift": -0.0018083182640144665,
      "partial_certainty_score": 0.0,
      "full_certainty_score": -0.0018083182640144665,
      "certainty_shift": -0.0018083182640144665,
      "partial_word_count": 174,
      "full_word_count": 349
    },
    {
      "task_id": "pc_05",
      "category": "recommendation",
      "jaccard_distance": 0.8115183246073299,
      "new_words_ratio": 0.7410071942446043,
      "dropped_words_ratio": 0.5909090909090909,
      "length_ratio": 1.6725888324873097,
      "partial_net_confidence": 0.0,
      "full_net_confidence": 0.0,
      "confidence_shift": 0.0,
      "partial_certainty_score": 0.0,
      "full_certainty_score": 0.0,
      "certainty_shift": 0.0,
      "partial_word_count": 176,
      "full_word_count": 278
    },
    {
      "task_id": "pc_06",
      "category": "recommendation",
      "jaccard_distance": 0.8323529411764706,
      "new_words_ratio": 0.7385321100917431,
      "dropped_words_ratio": 0.6815642458100558,
      "length_ratio": 1.2560660815694373,
      "partial_net_confidence": -0.003937007874015748,
      "full_net_confidence": -0.003367003367003367,
      "confidence_shift": 0.0005700045070123811,
      "partial_certainty_score": -0.003937007874015748,
      "full_certainty_score": -0.003367003367003367,
      "certainty_shift": 0.0005700045070123811,
      "partial_word_count": 179,
      "full_word_count": 218
    },
    {
      "task_id": "pc_07",
      "category": "interpretation",
      "jaccard_distance": 0.8389423076923077,
      "new_words_ratio": 0.7184873949579832,
      "dropped_words_ratio": 0.726530612244898,
      "length_ratio": 1.0023121387283238,
      "partial_net_confidence": -0.0028653295128939827,
      "full_net_confidence": 0.0,
      "confidence_shift": 0.0028653295128939827,
      "partial_certainty_score": -0.0028653295128939827,
      "full_certainty_score": -0.0028169014084507044,
      "certainty_shift": 4.8428104443278344e-05,
      "partial_word_count": 245,
      "full_word_count": 238
    },
    {
      "task_id": "pc_08",
      "category": "interpretation",
      "jaccard_distance": 0.8715415019762845,
      "new_words_ratio": 0.8132183908045977,
      "dropped_words_ratio": 0.7085201793721974,
      "length_ratio": 1.6587464154035232,
      "partial_net_confidence": -0.0031645569620253164,
      "full_net_confidence": -0.005681818181818182,
      "confidence_shift": -0.0025172612197928656,
      "partial_certainty_score": -0.0031645569620253164,
      "full_certainty_score": -0.007575757575757576,
      "certainty_shift": -0.00441120061373226,
      "partial_word_count": 223,
      "full_word_count": 348
    }
  ]
}