{
  "model": "google.gemma-3-27b-it",
  "model_name": "Gemma 3 27B",
  "provider": "Google",
  "experiment": "02a-premature-compression-bedrock-replication",
  "timestamp": "2026-03-14T11:02:57.011948+00:00",
  "n_tasks": 8,
  "tasks": [
    {
      "task_id": "pc_01",
      "category": "synthesis",
      "jaccard_distance": 0.7777777777777778,
      "new_words_ratio": 0.6838905775075987,
      "dropped_words_ratio": 0.5720164609053497,
      "length_ratio": 1.3928218636812644,
      "partial_net_confidence": 0.00228310502283105,
      "full_net_confidence": 0.0016611295681063123,
      "confidence_shift": -0.0006219754547247378,
      "partial_certainty_score": 0.00228310502283105,
      "full_certainty_score": 0.0016611295681063123,
      "certainty_shift": -0.0006219754547247378,
      "partial_word_count": 243,
      "full_word_count": 329
    },
    {
      "task_id": "pc_02",
      "category": "synthesis",
      "jaccard_distance": 0.8140417457305503,
      "new_words_ratio": 0.7223796033994334,
      "dropped_words_ratio": 0.6397058823529411,
      "length_ratio": 1.3532082324455206,
      "partial_net_confidence": 0.002173913043478261,
      "full_net_confidence": 0.0016420361247947454,
      "confidence_shift": -0.0005318769186835155,
      "partial_certainty_score": 0.002173913043478261,
      "full_certainty_score": 0.0,
      "certainty_shift": -0.002173913043478261,
      "partial_word_count": 272,
      "full_word_count": 353
    },
    {
      "task_id": "pc_03",
      "category": "analysis",
      "jaccard_distance": 0.8026315789473684,
      "new_words_ratio": 0.6759259259259259,
      "dropped_words_ratio": 0.6645367412140575,
      "length_ratio": 0.9660107334525939,
      "partial_net_confidence": -0.0016181229773462784,
      "full_net_confidence": 0.0016863406408094434,
      "confidence_shift": 0.0033044636181557216,
      "partial_certainty_score": -0.0016181229773462784,
      "full_certainty_score": 0.0,
      "certainty_shift": 0.0016181229773462784,
      "partial_word_count": 313,
      "full_word_count": 324
    },
    {
      "task_id": "pc_04",
      "category": "analysis",
      "jaccard_distance": 0.8792079207920792,
      "new_words_ratio": 0.8236994219653179,
      "dropped_words_ratio": 0.7227272727272728,
      "length_ratio": 1.664119066773934,
      "partial_net_confidence": 0.002890173410404624,
      "full_net_confidence": 0.005226480836236934,
      "confidence_shift": 0.00233630742583231,
      "partial_certainty_score": 0.002890173410404624,
      "full_certainty_score": 0.006968641114982578,
      "certainty_shift": 0.004078467704577954,
      "partial_word_count": 220,
      "full_word_count": 346
    },
    {
      "task_id": "pc_05",
      "category": "recommendation",
      "jaccard_distance": 0.7913486005089059,
      "new_words_ratio": 0.7132867132867133,
      "dropped_words_ratio": 0.5661375661375662,
      "length_ratio": 1.4846822130772748,
      "partial_net_confidence": 0.003194888178913738,
      "full_net_confidence": 0.0023094688221709007,
      "confidence_shift": -0.0008854193567428372,
      "partial_certainty_score": 0.003194888178913738,
      "full_certainty_score": 0.004618937644341801,
      "certainty_shift": 0.0014240494654280634,
      "partial_word_count": 189,
      "full_word_count": 286
    },
    {
      "task_id": "pc_06",
      "category": "recommendation",
      "jaccard_distance": 0.7806788511749347,
      "new_words_ratio": 0.697841726618705,
      "dropped_words_ratio": 0.5555555555555556,
      "length_ratio": 1.6696252465483234,
      "partial_net_confidence": -0.003389830508474576,
      "full_net_confidence": 0.0,
      "confidence_shift": 0.003389830508474576,
      "partial_certainty_score": -0.003389830508474576,
      "full_certainty_score": 0.0,
      "certainty_shift": 0.003389830508474576,
      "partial_word_count": 189,
      "full_word_count": 278
    },
    {
      "task_id": "pc_07",
      "category": "interpretation",
      "jaccard_distance": 0.7638483965014577,
      "new_words_ratio": 0.6596638655462185,
      "dropped_words_ratio": 0.5645161290322581,
      "length_ratio": 1.3051224944320712,
      "partial_net_confidence": -0.0030211480362537764,
      "full_net_confidence": 0.0,
      "confidence_shift": 0.0030211480362537764,
      "partial_certainty_score": -0.0030211480362537764,
      "full_certainty_score": 0.0,
      "certainty_shift": 0.0030211480362537764,
      "partial_word_count": 186,
      "full_word_count": 238
    },
    {
      "task_id": "pc_08",
      "category": "interpretation",
      "jaccard_distance": 0.7912524850894632,
      "new_words_ratio": 0.6929824561403509,
      "dropped_words_ratio": 0.6052631578947368,
      "length_ratio": 1.31631299734748,
      "partial_net_confidence": -0.0023584905660377358,
      "full_net_confidence": 0.0,
      "confidence_shift": 0.0023584905660377358,
      "partial_certainty_score": -0.0023584905660377358,
      "full_certainty_score": 0.001763668430335097,
      "certainty_shift": 0.004122158996372832,
      "partial_word_count": 266,
      "full_word_count": 342
    }
  ]
}