{
  "model": "us.meta.llama3-1-8b-instruct-v1:0",
  "model_name": "Llama 3.1 8B",
  "timestamp": "2026-03-10T23:49:57.896914+00:00",
  "tasks": [
    {
      "task_id": "pc_01",
      "category": "synthesis",
      "jaccard_distance": 0.6768060836501901,
      "new_words_ratio": 0.532967032967033,
      "dropped_words_ratio": 0.4879518072289157,
      "length_ratio": 1.3415739596209313,
      "partial_net_confidence": 0.002898550724637681,
      "full_net_confidence": 0.0021551724137931034,
      "confidence_shift": -0.0007433783108445778,
      "partial_word_count": 166,
      "full_word_count": 182
    },
    {
      "task_id": "pc_02",
      "category": "synthesis",
      "jaccard_distance": 0.6914893617021276,
      "new_words_ratio": 0.5756097560975609,
      "dropped_words_ratio": 0.4695121951219512,
      "length_ratio": 1.4593077642656689,
      "partial_net_confidence": 0.0,
      "full_net_confidence": 0.0022624434389140274,
      "confidence_shift": 0.0022624434389140274,
      "partial_word_count": 164,
      "full_word_count": 205
    }
  ]
}