{
  "rankme": {
    "confab_mean": 6.761954368135295,
    "grounded_mean": 17.960218668320813,
    "irrelevant_mean": 17.135347431495042,
    "confab_vs_grounded": {
      "d": -7.912405205396982,
      "p": 1.3388158391183392e-18
    },
    "confab_vs_irrelevant": {
      "d": -6.474343986607167,
      "p": 5.642707620142953e-17
    },
    "grounded_vs_irrelevant": {
      "d": 0.6028208742781844,
      "p": 0.016576687352520242
    },
    "n": 20
  },
  "alpha_req": {
    "confab_mean": 1.3461784486036814,
    "grounded_mean": 0.8889752367283081,
    "irrelevant_mean": 0.907455067127547,
    "confab_vs_grounded": {
      "d": 5.805903765603476,
      "p": 4.2505524271856586e-16
    },
    "confab_vs_irrelevant": {
      "d": 6.899725659395385,
      "p": 1.727269315841566e-17
    },
    "grounded_vs_irrelevant": {
      "d": -0.5118443433401965,
      "p": 0.03792230969074274
    },
    "n": 20
  },
  "directional_coherence": {
    "confab_mean": 0.9448510980912752,
    "grounded_mean": 0.918201223729836,
    "irrelevant_mean": 0.9158486932829291,
    "confab_vs_grounded": {
      "d": 6.354455581838035,
      "p": 7.984218569771989e-17
    },
    "confab_vs_irrelevant": {
      "d": 9.009643078415277,
      "p": 1.1729929154039058e-19
    },
    "grounded_vs_irrelevant": {
      "d": 0.4792435934390281,
      "p": 0.05040195126634494
    },
    "n": 20
  },
  "mean_norm": {
    "confab_mean": 713.6906061172485,
    "grounded_mean": 428.78881721496583,
    "irrelevant_mean": 436.52799739837644,
    "confab_vs_grounded": {
      "d": 7.452828157025515,
      "p": 4.098597367445363e-18
    },
    "confab_vs_irrelevant": {
      "d": 7.7930338904313246,
      "p": 1.7793086833600334e-18
    },
    "grounded_vs_irrelevant": {
      "d": -0.482113740599004,
      "p": 0.04916954777524179
    },
    "n": 20
  }
}