{
  "experiment": "F15",
  "overall_differentiation": 0.4527956428887663,
  "by_model": {
    "mistral.mistral-7b-instruct-v0:2": {
      "mean": 0.587057029292722,
      "n": 5,
      "scores": [
        0.5382579989075452,
        0.5651436494404204,
        0.6918356670837691,
        0.5776668873184827,
        0.5623809437133926
      ]
    },
    "us.amazon.nova-lite-v1:0": {
      "mean": 0.474799064630919,
      "n": 5,
      "scores": [
        0.48676509490920983,
        0.6936932330074277,
        0.32633668958814344,
        0.5198274426356289,
        0.347372863014185
      ]
    },
    "us.anthropic.claude-haiku-4-5-20251001-v1:0": {
      "mean": 0.4591782597554458,
      "n": 5,
      "scores": [
        0.36953104073657217,
        0.5843502551946403,
        0.568825689748145,
        0.3977422853806723,
        0.375442027717199
      ]
    },
    "us.meta.llama3-2-3b-instruct-v1:0": {
      "mean": 0.4243921032019379,
      "n": 5,
      "scores": [
        0.32881745724076805,
        0.3728727550791189,
        0.5481211405180367,
        0.5444650234313829,
        0.3276841397403827
      ]
    },
    "us.amazon.nova-pro-v1:0": {
      "mean": 0.4217740829156044,
      "n": 5,
      "scores": [
        0.31060971586442243,
        0.543509469928098,
        0.5535939285939285,
        0.37355717948070677,
        0.3276001207108663
      ]
    },
    "us.meta.llama3-3-70b-instruct-v1:0": {
      "mean": 0.41499074799885854,
      "n": 5,
      "scores": [
        0.33569457523255175,
        0.5392263871614233,
        0.543986160397916,
        0.3385979727910151,
        0.31744864441138665
      ]
    },
    "us.meta.llama3-2-11b-instruct-v1:0": {
      "mean": 0.3873782124258764,
      "n": 5,
      "scores": [
        0.3182738432516766,
        0.3619138136145734,
        0.5491988520177778,
        0.3510067744174782,
        0.3564977788278759
      ]
    }
  },
  "by_domain": {
    "creative_commons": {
      "mean": 0.5402711611353881,
      "n": 7
    },
    "employee_data": {
      "mean": 0.44326622363648094,
      "n": 7
    },
    "health_data": {
      "mean": 0.3734895025907555,
      "n": 7
    },
    "research": {
      "mean": 0.5229585090608146,
      "n": 7
    },
    "social_media": {
      "mean": 0.3839928180203923,
      "n": 7
    }
  },
  "total_inferences": 140,
  "timestamp": "2026-03-16T23:17:44.833519+00:00"
}