{
  "direct": {
    "n": 20,
    "rankme": {
      "mean": 14.167826760998901,
      "std": 1.2055620026208522
    },
    "alpha_req": {
      "mean": 0.9988821000663537,
      "std": 0.028050661931154165
    },
    "coherence": {
      "mean": 0.914942766163767,
      "std": 0.0025190068442806756
    },
    "norm": {
      "mean": 457.83333110809326,
      "std": 14.25672421679103
    },
    "avg_prompt_tokens": 50.35,
    "phrasing_sensitivity": {
      "mean": 1.1861137719091668,
      "std": 0.8127698504212914
    }
  },
  "scaffold": {
    "n": 20,
    "rankme": {
      "mean": 50.80811587042946,
      "std": 1.7263901040737464
    },
    "alpha_req": {
      "mean": 0.6891824240828921,
      "std": 0.0037258671301450253
    },
    "coherence": {
      "mean": 0.8739881799842705,
      "std": 0.0014213758472119678
    },
    "norm": {
      "mean": 311.28375043869016,
      "std": 1.5718650888603076
    },
    "avg_prompt_tokens": 141.35,
    "phrasing_sensitivity": {
      "mean": 1.7032857068180043,
      "std": 1.1888499152128087
    }
  },
  "noise": {
    "n": 20,
    "rankme": {
      "mean": 52.52678946700257,
      "std": 1.7673903740375942
    },
    "alpha_req": {
      "mean": 0.7104653149493614,
      "std": 0.003995650756284873
    },
    "coherence": {
      "mean": 0.8812092564987699,
      "std": 0.0015284431812574188
    },
    "norm": {
      "mean": 320.8483142852783,
      "std": 1.5087402655463684
    },
    "avg_prompt_tokens": 147.35,
    "phrasing_sensitivity": {
      "mean": 1.7265500787470835,
      "std": 1.1552517356834566
    }
  }
}