{
  "model": "Qwen/Qwen2.5-1.5B-Instruct",
  "model_name": "Qwen2.5-1.5B-Instruct",
  "timestamp": "2026-03-10T22:35:11.229146+00:00",
  "tasks": [
    {
      "task_id": "factual_01",
      "category": "factual",
      "phrasing_sensitivity": 0.3125,
      "mean_rankme": 7.023263573646545,
      "std_rankme": 0.08014247297267493,
      "mean_alpha_req": 0.7422783358042391,
      "std_alpha_req": 0.027584991348601453,
      "mean_directional_coherence": 0.43443508446216583,
      "mean_spectral_deviation": 0.04554460929903294,
      "mean_tokens": 8.0
    },
    {
      "task_id": "factual_02",
      "category": "factual",
      "phrasing_sensitivity": 0.6529896222753366,
      "mean_rankme": 30.15275740623474,
      "std_rankme": 11.314155250152512,
      "mean_alpha_req": 0.6865181617051491,
      "std_alpha_req": 0.06962478151493383,
      "mean_directional_coherence": 0.5174794718623161,
      "mean_spectral_deviation": 0.05171886372080215,
      "mean_tokens": 41.5
    }
  ]
}