{
  "retrieval": {
    "n": 10,
    "rankme": {
      "mean": 12.152508613914376,
      "std": 1.48182837412645
    },
    "alpha_req": {
      "mean": 1.0704970053898069,
      "std": 0.048917285354393075
    },
    "coherence": {
      "mean": 0.9157457081569031,
      "std": 0.0021896563287034927
    },
    "norm": {
      "mean": 490.0364166259766,
      "std": 23.826771455632034
    },
    "avg_prompt_tokens": 43.5
  },
  "mixed": {
    "n": 10,
    "rankme": {
      "mean": 13.534587669064848,
      "std": 1.066945567526957
    },
    "alpha_req": {
      "mean": 1.0207755951776525,
      "std": 0.03398756611544207
    },
    "coherence": {
      "mean": 0.9163604818974236,
      "std": 0.0017468399260808867
    },
    "norm": {
      "mean": 467.6703342437744,
      "std": 15.50660779901656
    },
    "avg_prompt_tokens": 48.3
  },
  "construction": {
    "n": 10,
    "rankme": {
      "mean": 15.011081424578787,
      "std": 1.5087012878806643
    },
    "alpha_req": {
      "mean": 0.9838180268222085,
      "std": 0.03333164125081039
    },
    "coherence": {
      "mean": 0.9136934157032884,
      "std": 0.0032353140321695504
    },
    "norm": {
      "mean": 448.5916206359863,
      "std": 16.6606433666729
    },
    "avg_prompt_tokens": 52.9
  },
  "retrieval_vs_construction": {
    "rankme_t": -4.055270825067761,
    "rankme_p": 0.0007425796593925069,
    "rankme_cohens_d": 1.9116729999689197,
    "alpha_t": 4.392980170962536,
    "alpha_p": 0.0003508697239929755,
    "alpha_cohens_d": -2.0708707123370993
  }
}