{
  "bare": {
    "n": 20,
    "rankme": {
      "mean": 17.497152532573118,
      "std": 1.811628983830416
    },
    "alpha_req": {
      "mean": 0.927750148839585,
      "std": 0.038624371006739135
    },
    "coherence": {
      "mean": 0.911395463541181,
      "std": 0.00299631314692355
    },
    "norm": {
      "mean": 424.5647272109985,
      "std": 15.714695499485424
    },
    "avg_prompt_tokens": 59.95
  },
  "vocabulary": {
    "n": 20,
    "rankme": {
      "mean": 45.735921088187496,
      "std": 5.0892179348339335
    },
    "alpha_req": {
      "mean": 0.7097733264413191,
      "std": 0.010879714681733791
    },
    "coherence": {
      "mean": 0.8804218863056871,
      "std": 0.004567367841176338
    },
    "norm": {
      "mean": 323.2634313583374,
      "std": 8.004948023866186
    },
    "avg_prompt_tokens": 130.95
  },
  "bare_vs_vocabulary": {
    "rankme_t": -27.2799969441209,
    "rankme_p": 1.0590186517678554e-16,
    "rankme_cohens_d": 7.392684850720402
  }
}