{
  "sycophancy_vs_agreement": {
    "perplexity_d": -2.442065613214908,
    "perplexity_separates": true,
    "geo_rankme_d": -1.0734426338694065,
    "geo_alpha_d": 0.7553791718753324,
    "geo_coherence_d": 0.8365447945439571,
    "geo_metrics_that_separate": 0
  },
  "censorship_vs_refusal": {
    "perplexity_d": -0.48005004560353504,
    "perplexity_separates": false,
    "geo_rankme_d": 1.4815804806433936,
    "geo_alpha_d": -0.9769454611303087,
    "geo_coherence_d": -0.730134106808783,
    "geo_metrics_that_separate": 1
  },
  "confabulation_vs_openness": {
    "perplexity_d": -0.2664560606542351,
    "perplexity_separates": false,
    "geo_rankme_d": -0.7464382380856952,
    "geo_alpha_d": 0.41314451755301296,
    "geo_coherence_d": 0.3499085775371356,
    "geo_metrics_that_separate": 0
  },
  "performative_vs_grounded": {
    "perplexity_d": 1.438627805652579,
    "perplexity_separates": true,
    "geo_rankme_d": -0.8154018795059171,
    "geo_alpha_d": 0.7038647916721987,
    "geo_coherence_d": 0.7792046715366537,
    "geo_metrics_that_separate": 0
  }
}