{
  "tokens_75": {
    "prompt_rankme": {
      "label": "Prompt RankMe",
      "n": 20,
      "refusal_mean": 14.132521508684032,
      "refusal_std": 2.2531026766837265,
      "censored_mean": 21.896029355112802,
      "censored_std": 3.1656055516230284,
      "cohen_d": -2.4863061213954762,
      "t_stat": -11.119099000628257,
      "p_value": 9.285301547346984e-10,
      "wilcoxon_p": 1.9073486328125e-06,
      "separates_bonferroni": "True",
      "separates_uncorrected": "True",
      "alpha_corrected": 0.0035714285714285718
    },
    "prompt_alpha_req": {
      "label": "Prompt alpha-ReQ",
      "n": 20,
      "refusal_mean": 1.8844043087722824,
      "refusal_std": 0.2781296155103715,
      "censored_mean": 1.3019997115561013,
      "censored_std": 0.1240601904010028,
      "cohen_d": 2.2165270287914067,
      "t_stat": 9.912610220686439,
      "p_value": 6.061212901890248e-09,
      "wilcoxon_p": 1.9073486328125e-06,
      "separates_bonferroni": "True",
      "separates_uncorrected": "True",
      "alpha_corrected": 0.0035714285714285718
    },
    "prompt_coherence": {
      "label": "Prompt Coherence",
      "n": 20,
      "refusal_mean": 0.6453185566633393,
      "refusal_std": 0.05965010335282896,
      "censored_mean": 0.5182105639279935,
      "censored_std": 0.0300337813513132,
      "cohen_d": 2.1719623014933545,
      "t_stat": 9.713310701412066,
      "p_value": 8.391239489284432e-09,
      "wilcoxon_p": 1.9073486328125e-06,
      "separates_bonferroni": "True",
      "separates_uncorrected": "True",
      "alpha_corrected": 0.0035714285714285718
    },
    "gen_rankme": {
      "label": "Gen RankMe",
      "n": 20,
      "refusal_mean": 62.70960841683141,
      "refusal_std": 1.3794291615059397,
      "censored_mean": 63.22210392070208,
      "censored_std": 1.1317566825480745,
      "cohen_d": -0.37637129587749724,
      "t_stat": -1.6831836047235402,
      "p_value": 0.10869945739206127,
      "wilcoxon_p": 0.05316925048828125,
      "separates_bonferroni": "False",
      "separates_uncorrected": "False",
      "alpha_corrected": 0.0035714285714285718
    },
    "gen_alpha_req": {
      "label": "Gen alpha-ReQ",
      "n": 20,
      "refusal_mean": 0.7823715849770199,
      "refusal_std": 0.04147709483425499,
      "censored_mean": 0.7657770289351008,
      "censored_std": 0.03166504819363234,
      "cohen_d": 0.4127610223828377,
      "t_stat": 1.8459234090206744,
      "p_value": 0.08054406972596455,
      "wilcoxon_p": 0.04405403137207031,
      "separates_bonferroni": "False",
      "separates_uncorrected": "False",
      "alpha_corrected": 0.0035714285714285718
    },
    "gen_coherence": {
      "label": "Gen Coherence",
      "n": 20,
      "refusal_mean": 0.3568850002232031,
      "refusal_std": 0.026776667354201818,
      "censored_mean": 0.3465234141548537,
      "censored_std": 0.02590423633242905,
      "cohen_d": 0.33975843322929966,
      "t_stat": 1.519445905259075,
      "p_value": 0.14511639198910184,
      "wilcoxon_p": 0.15364646911621094,
      "separates_bonferroni": "False",
      "separates_uncorrected": "False",
      "alpha_corrected": 0.0035714285714285718
    },
    "perplexity": {
      "label": "Perplexity",
      "n": 20,
      "refusal_mean": 2.2503558440843063,
      "refusal_std": 0.3316487791452255,
      "censored_mean": 2.45147140784798,
      "censored_std": 0.37834304989422307,
      "cohen_d": -0.4456796074873669,
      "t_stat": -1.9931397970543532,
      "p_value": 0.06080632936348827,
      "wilcoxon_p": 0.06372261047363281,
      "separates_bonferroni": "False",
      "separates_uncorrected": "False",
      "alpha_corrected": 0.0035714285714285718
    }
  },
  "tokens_200": {
    "prompt_rankme": {
      "label": "Prompt RankMe",
      "n": 20,
      "refusal_mean": 14.132521508684032,
      "refusal_std": 2.2531026766837265,
      "censored_mean": 21.896029355112802,
      "censored_std": 3.1656055516230284,
      "cohen_d": -2.4863061213954762,
      "t_stat": -11.119099000628257,
      "p_value": 9.285301547346984e-10,
      "wilcoxon_p": 1.9073486328125e-06,
      "separates_bonferroni": "True",
      "separates_uncorrected": "True",
      "alpha_corrected": 0.0035714285714285718
    },
    "prompt_alpha_req": {
      "label": "Prompt alpha-ReQ",
      "n": 20,
      "refusal_mean": 1.8844043087722824,
      "refusal_std": 0.2781296155103715,
      "censored_mean": 1.3019997115561013,
      "censored_std": 0.1240601904010028,
      "cohen_d": 2.2165270287914067,
      "t_stat": 9.912610220686439,
      "p_value": 6.061212901890248e-09,
      "wilcoxon_p": 1.9073486328125e-06,
      "separates_bonferroni": "True",
      "separates_uncorrected": "True",
      "alpha_corrected": 0.0035714285714285718
    },
    "prompt_coherence": {
      "label": "Prompt Coherence",
      "n": 20,
      "refusal_mean": 0.6453185566633393,
      "refusal_std": 0.05965010335282896,
      "censored_mean": 0.5182105639279935,
      "censored_std": 0.0300337813513132,
      "cohen_d": 2.1719623014933545,
      "t_stat": 9.713310701412066,
      "p_value": 8.391239489284432e-09,
      "wilcoxon_p": 1.9073486328125e-06,
      "separates_bonferroni": "True",
      "separates_uncorrected": "True",
      "alpha_corrected": 0.0035714285714285718
    },
    "gen_rankme": {
      "label": "Gen RankMe",
      "n": 20,
      "refusal_mean": 160.9781222451273,
      "refusal_std": 4.09488888503942,
      "censored_mean": 161.377756666851,
      "censored_std": 2.9343698821199298,
      "cohen_d": -0.09867471801830298,
      "t_stat": -0.44128675429909764,
      "p_value": 0.6639862202056119,
      "wilcoxon_p": 1.0,
      "separates_bonferroni": "False",
      "separates_uncorrected": "False",
      "alpha_corrected": 0.0035714285714285718
    },
    "gen_alpha_req": {
      "label": "Gen alpha-ReQ",
      "n": 20,
      "refusal_mean": 0.6760903985534782,
      "refusal_std": 0.04456991820340762,
      "censored_mean": 0.6730802571910196,
      "censored_std": 0.02424801375881161,
      "cohen_d": 0.06495533148845584,
      "t_stat": 0.2904890734184397,
      "p_value": 0.7745890126215845,
      "wilcoxon_p": 0.6476554870605469,
      "separates_bonferroni": "False",
      "separates_uncorrected": "False",
      "alpha_corrected": 0.0035714285714285718
    },
    "gen_coherence": {
      "label": "Gen Coherence",
      "n": 20,
      "refusal_mean": 0.2620364527891387,
      "refusal_std": 0.022051530365457192,
      "censored_mean": 0.2552744145752963,
      "censored_std": 0.020150392507790126,
      "cohen_d": 0.3686982069592948,
      "t_stat": 1.6488685078865386,
      "p_value": 0.11561100003972226,
      "wilcoxon_p": 0.1230926513671875,
      "separates_bonferroni": "False",
      "separates_uncorrected": "False",
      "alpha_corrected": 0.0035714285714285718
    },
    "perplexity": {
      "label": "Perplexity",
      "n": 20,
      "refusal_mean": 1.735301746435275,
      "refusal_std": 0.19766873420906186,
      "censored_mean": 1.8115954462926165,
      "censored_std": 0.16853588262775532,
      "cohen_d": -0.39207896525021974,
      "t_stat": -1.7534304376945387,
      "p_value": 0.09564692231274433,
      "wilcoxon_p": 0.0758514404296875,
      "separates_bonferroni": "False",
      "separates_uncorrected": "False",
      "alpha_corrected": 0.0035714285714285718
    }
  }
}