{
  "tokens_75": {
    "prompt_rankme": {
      "label": "Prompt RankMe",
      "n": 20,
      "refusal_mean": 14.94864014027701,
      "refusal_std": 2.2517396886563197,
      "censored_mean": 22.45805375655314,
      "censored_std": 3.0763782800241057,
      "cohen_d": -2.4151849561513834,
      "t_stat": -10.801035480378683,
      "p_value": 1.5000280436120791e-09,
      "wilcoxon_p": 1.9073486328125e-06,
      "separates_bonferroni": "True",
      "separates_uncorrected": "True",
      "alpha_corrected": 0.0035714285714285718
    },
    "prompt_alpha_req": {
      "label": "Prompt alpha-ReQ",
      "n": 20,
      "refusal_mean": 1.7999108943372373,
      "refusal_std": 0.2493627860261629,
      "censored_mean": 1.2924357137146507,
      "censored_std": 0.12112740974327504,
      "cohen_d": 2.1879597471131382,
      "t_stat": 9.784853453156451,
      "p_value": 7.462563617988628e-09,
      "wilcoxon_p": 1.9073486328125e-06,
      "separates_bonferroni": "True",
      "separates_uncorrected": "True",
      "alpha_corrected": 0.0035714285714285718
    },
    "prompt_coherence": {
      "label": "Prompt Coherence",
      "n": 20,
      "refusal_mean": 0.6330032346941223,
      "refusal_std": 0.05502701715592358,
      "censored_mean": 0.5324173274789183,
      "censored_std": 0.03530861380221846,
      "cohen_d": 2.059550894992647,
      "t_stat": 9.210591608648178,
      "p_value": 1.94582461241006e-08,
      "wilcoxon_p": 3.814697265625e-06,
      "separates_bonferroni": "True",
      "separates_uncorrected": "True",
      "alpha_corrected": 0.0035714285714285718
    },
    "gen_rankme": {
      "label": "Gen RankMe",
      "n": 20,
      "refusal_mean": 61.332947165891845,
      "refusal_std": 5.215219102179576,
      "censored_mean": 62.223940566906755,
      "censored_std": 2.4509708997526505,
      "cohen_d": -0.15391354369841573,
      "t_stat": -0.6883222927350838,
      "p_value": 0.4995684989865646,
      "wilcoxon_p": 0.6742229461669922,
      "separates_bonferroni": "False",
      "separates_uncorrected": "False",
      "alpha_corrected": 0.0035714285714285718
    },
    "gen_alpha_req": {
      "label": "Gen alpha-ReQ",
      "n": 20,
      "refusal_mean": 0.8218648581146916,
      "refusal_std": 0.14434036204500933,
      "censored_mean": 0.7998960333967066,
      "censored_std": 0.07903663405755608,
      "cohen_d": 0.13484502313122018,
      "t_stat": 0.6030452762978797,
      "p_value": 0.5536095948966564,
      "wilcoxon_p": 0.6476554870605469,
      "separates_bonferroni": "False",
      "separates_uncorrected": "False",
      "alpha_corrected": 0.0035714285714285718
    },
    "gen_coherence": {
      "label": "Gen Coherence",
      "n": 20,
      "refusal_mean": 0.3680851819296206,
      "refusal_std": 0.05845197108339367,
      "censored_mean": 0.35441837557721684,
      "censored_std": 0.025359948937843123,
      "cohen_d": 0.20963949422012057,
      "t_stat": 0.9375363196897278,
      "p_value": 0.36024835336079175,
      "wilcoxon_p": 0.34881019592285156,
      "separates_bonferroni": "False",
      "separates_uncorrected": "False",
      "alpha_corrected": 0.0035714285714285718
    },
    "perplexity": {
      "label": "Perplexity",
      "n": 20,
      "refusal_mean": 2.8933319904952284,
      "refusal_std": 0.49334252681780005,
      "censored_mean": 2.9059740658611366,
      "censored_std": 0.5418484633982271,
      "cohen_d": -0.021392934898281965,
      "t_stat": -0.09567211334157205,
      "p_value": 0.9247828613122853,
      "wilcoxon_p": 0.7841262817382812,
      "separates_bonferroni": "False",
      "separates_uncorrected": "False",
      "alpha_corrected": 0.0035714285714285718
    }
  },
  "tokens_200": {
    "prompt_rankme": {
      "label": "Prompt RankMe",
      "n": 20,
      "refusal_mean": 14.94864014027701,
      "refusal_std": 2.2517396886563197,
      "censored_mean": 22.45805375655314,
      "censored_std": 3.0763782800241057,
      "cohen_d": -2.4151849561513834,
      "t_stat": -10.801035480378683,
      "p_value": 1.5000280436120791e-09,
      "wilcoxon_p": 1.9073486328125e-06,
      "separates_bonferroni": "True",
      "separates_uncorrected": "True",
      "alpha_corrected": 0.0035714285714285718
    },
    "prompt_alpha_req": {
      "label": "Prompt alpha-ReQ",
      "n": 20,
      "refusal_mean": 1.7999108943372373,
      "refusal_std": 0.2493627860261629,
      "censored_mean": 1.2924357137146507,
      "censored_std": 0.12112740974327504,
      "cohen_d": 2.1879597471131382,
      "t_stat": 9.784853453156451,
      "p_value": 7.462563617988628e-09,
      "wilcoxon_p": 1.9073486328125e-06,
      "separates_bonferroni": "True",
      "separates_uncorrected": "True",
      "alpha_corrected": 0.0035714285714285718
    },
    "prompt_coherence": {
      "label": "Prompt Coherence",
      "n": 20,
      "refusal_mean": 0.6330032346941223,
      "refusal_std": 0.05502701715592358,
      "censored_mean": 0.5324173274789183,
      "censored_std": 0.03530861380221846,
      "cohen_d": 2.059550894992647,
      "t_stat": 9.210591608648178,
      "p_value": 1.94582461241006e-08,
      "wilcoxon_p": 3.814697265625e-06,
      "separates_bonferroni": "True",
      "separates_uncorrected": "True",
      "alpha_corrected": 0.0035714285714285718
    },
    "gen_rankme": {
      "label": "Gen RankMe",
      "n": 20,
      "refusal_mean": 152.77174968776882,
      "refusal_std": 21.425041991470305,
      "censored_mean": 152.46421022136448,
      "censored_std": 14.797311004351446,
      "cohen_d": 0.011259592787815659,
      "t_stat": 0.05035442974504435,
      "p_value": 0.9603655510916007,
      "wilcoxon_p": 0.4304332733154297,
      "separates_bonferroni": "False",
      "separates_uncorrected": "False",
      "alpha_corrected": 0.0035714285714285718
    },
    "gen_alpha_req": {
      "label": "Gen alpha-ReQ",
      "n": 20,
      "refusal_mean": 0.7558301323475394,
      "refusal_std": 0.20391239576615441,
      "censored_mean": 0.7612860676748838,
      "censored_std": 0.1531978332024824,
      "cohen_d": -0.020416765858548055,
      "t_stat": -0.09130655268082062,
      "p_value": 0.9282047872398015,
      "wilcoxon_p": 0.4523754119873047,
      "separates_bonferroni": "False",
      "separates_uncorrected": "False",
      "alpha_corrected": 0.0035714285714285718
    },
    "gen_coherence": {
      "label": "Gen Coherence",
      "n": 20,
      "refusal_mean": 0.283073987670354,
      "refusal_std": 0.07561269231484924,
      "censored_mean": 0.28695134485852786,
      "censored_std": 0.03857668642213132,
      "cohen_d": -0.04296006775435419,
      "t_stat": -0.19212326363346538,
      "p_value": 0.8496841432128462,
      "wilcoxon_p": 0.2773551940917969,
      "separates_bonferroni": "False",
      "separates_uncorrected": "False",
      "alpha_corrected": 0.0035714285714285718
    },
    "perplexity": {
      "label": "Perplexity",
      "n": 20,
      "refusal_mean": 1.8487812295644388,
      "refusal_std": 0.20733578458947005,
      "censored_mean": 1.9170778043237977,
      "censored_std": 0.22575605626818013,
      "cohen_d": -0.27930562179395557,
      "t_stat": -1.249092713658263,
      "p_value": 0.22680171232631938,
      "wilcoxon_p": 0.20244979858398438,
      "separates_bonferroni": "False",
      "separates_uncorrected": "False",
      "alpha_corrected": 0.0035714285714285718
    }
  }
}