{
  "tokens_75": {
    "prompt_rankme": {
      "label": "Prompt RankMe",
      "n": 20,
      "refusal_mean": 14.05132885977718,
      "refusal_std": 2.212228628610802,
      "censored_mean": 21.85166480657826,
      "censored_std": 3.122426448350163,
      "cohen_d": -2.538470332285161,
      "t_stat": -11.352384443712197,
      "p_value": 6.573934003107573e-10,
      "wilcoxon_p": 1.9073486328125e-06,
      "separates_bonferroni": "True",
      "separates_uncorrected": "True",
      "alpha_corrected": 0.0035714285714285718
    },
    "prompt_alpha_req": {
      "label": "Prompt alpha-ReQ",
      "n": 20,
      "refusal_mean": 1.8991634981893057,
      "refusal_std": 0.27880441898466024,
      "censored_mean": 1.3055994134427586,
      "censored_std": 0.12103922715160509,
      "cohen_d": 2.270092998140773,
      "t_stat": 10.152164518178147,
      "p_value": 4.124253598049725e-09,
      "wilcoxon_p": 1.9073486328125e-06,
      "separates_bonferroni": "True",
      "separates_uncorrected": "True",
      "alpha_corrected": 0.0035714285714285718
    },
    "prompt_coherence": {
      "label": "Prompt Coherence",
      "n": 20,
      "refusal_mean": 0.6510864373891982,
      "refusal_std": 0.054501787215058196,
      "censored_mean": 0.5219266760047849,
      "censored_std": 0.02888153261547663,
      "cohen_d": 2.431354729712828,
      "t_stat": 10.873348906107024,
      "p_value": 1.3438341009902692e-09,
      "wilcoxon_p": 1.9073486328125e-06,
      "separates_bonferroni": "True",
      "separates_uncorrected": "True",
      "alpha_corrected": 0.0035714285714285718
    },
    "gen_rankme": {
      "label": "Gen RankMe",
      "n": 20,
      "refusal_mean": 57.07860110917384,
      "refusal_std": 8.950943405813884,
      "censored_mean": 62.320200279831184,
      "censored_std": 1.0014122187435486,
      "cohen_d": -0.5674349940209283,
      "t_stat": -2.537646438885965,
      "p_value": 0.02007796648797432,
      "wilcoxon_p": 0.039989471435546875,
      "separates_bonferroni": "False",
      "separates_uncorrected": "True",
      "alpha_corrected": 0.0035714285714285718
    },
    "gen_alpha_req": {
      "label": "Gen alpha-ReQ",
      "n": 20,
      "refusal_mean": 0.8266113029573926,
      "refusal_std": 0.06266585918265187,
      "censored_mean": 0.7940073434543522,
      "censored_std": 0.030690375505043773,
      "cohen_d": 0.48186002190766786,
      "t_stat": 2.1549435292501666,
      "p_value": 0.04420552783100218,
      "wilcoxon_p": 0.09730720520019531,
      "separates_bonferroni": "False",
      "separates_uncorrected": "True",
      "alpha_corrected": 0.0035714285714285718
    },
    "gen_coherence": {
      "label": "Gen Coherence",
      "n": 20,
      "refusal_mean": 0.388740711498756,
      "refusal_std": 0.035277846534015785,
      "censored_mean": 0.360075669853981,
      "censored_std": 0.0186087350812462,
      "cohen_d": 0.7674691182238681,
      "t_stat": 3.432226237960783,
      "p_value": 0.0027931418943163153,
      "wilcoxon_p": 0.0003948211669921875,
      "separates_bonferroni": "True",
      "separates_uncorrected": "True",
      "alpha_corrected": 0.0035714285714285718
    },
    "perplexity": {
      "label": "Perplexity",
      "n": 20,
      "refusal_mean": 2.3676202568340976,
      "refusal_std": 0.4488855464643882,
      "censored_mean": 2.477302198678194,
      "censored_std": 0.3920377223108466,
      "cohen_d": -0.18908329574159718,
      "t_stat": -0.8456062053758155,
      "p_value": 0.4082958856378109,
      "wilcoxon_p": 0.38837623596191406,
      "separates_bonferroni": "False",
      "separates_uncorrected": "False",
      "alpha_corrected": 0.0035714285714285718
    }
  },
  "tokens_200": {
    "prompt_rankme": {
      "label": "Prompt RankMe",
      "n": 20,
      "refusal_mean": 14.05132885977718,
      "refusal_std": 2.212228628610802,
      "censored_mean": 21.85166480657826,
      "censored_std": 3.122426448350163,
      "cohen_d": -2.538470332285161,
      "t_stat": -11.352384443712197,
      "p_value": 6.573934003107573e-10,
      "wilcoxon_p": 1.9073486328125e-06,
      "separates_bonferroni": "True",
      "separates_uncorrected": "True",
      "alpha_corrected": 0.0035714285714285718
    },
    "prompt_alpha_req": {
      "label": "Prompt alpha-ReQ",
      "n": 20,
      "refusal_mean": 1.8991634981893057,
      "refusal_std": 0.27880441898466024,
      "censored_mean": 1.3055994134427586,
      "censored_std": 0.12103922715160509,
      "cohen_d": 2.270092998140773,
      "t_stat": 10.152164518178147,
      "p_value": 4.124253598049725e-09,
      "wilcoxon_p": 1.9073486328125e-06,
      "separates_bonferroni": "True",
      "separates_uncorrected": "True",
      "alpha_corrected": 0.0035714285714285718
    },
    "prompt_coherence": {
      "label": "Prompt Coherence",
      "n": 20,
      "refusal_mean": 0.6510864373891982,
      "refusal_std": 0.054501787215058196,
      "censored_mean": 0.5219266760047849,
      "censored_std": 0.02888153261547663,
      "cohen_d": 2.431354729712828,
      "t_stat": 10.873348906107024,
      "p_value": 1.3438341009902692e-09,
      "wilcoxon_p": 1.9073486328125e-06,
      "separates_bonferroni": "True",
      "separates_uncorrected": "True",
      "alpha_corrected": 0.0035714285714285718
    },
    "gen_rankme": {
      "label": "Gen RankMe",
      "n": 20,
      "refusal_mean": 117.4256703031554,
      "refusal_std": 52.252502291733116,
      "censored_mean": 157.54971632664976,
      "censored_std": 2.6798492380886123,
      "cohen_d": -0.744037867657323,
      "t_stat": -3.3274384998315334,
      "p_value": 0.0035395290026830934,
      "wilcoxon_p": 0.03276824951171875,
      "separates_bonferroni": "True",
      "separates_uncorrected": "True",
      "alpha_corrected": 0.0035714285714285718
    },
    "gen_alpha_req": {
      "label": "Gen alpha-ReQ",
      "n": 20,
      "refusal_mean": 0.7618525680561966,
      "refusal_std": 0.10106386843674223,
      "censored_mean": 0.7051501709932779,
      "censored_std": 0.02709262157447093,
      "cohen_d": 0.5185238855644235,
      "t_stat": 2.318909312158746,
      "p_value": 0.03169828618468895,
      "wilcoxon_p": 0.10539817810058594,
      "separates_bonferroni": "False",
      "separates_uncorrected": "True",
      "alpha_corrected": 0.0035714285714285718
    },
    "gen_coherence": {
      "label": "Gen Coherence",
      "n": 20,
      "refusal_mean": 0.33222412927138023,
      "refusal_std": 0.07159668957896348,
      "censored_mean": 0.2807969235314065,
      "censored_std": 0.017667691008167896,
      "cohen_d": 0.6695095185861821,
      "t_stat": 2.9941375902837244,
      "p_value": 0.007457883251083502,
      "wilcoxon_p": 0.012079238891601562,
      "separates_bonferroni": "False",
      "separates_uncorrected": "True",
      "alpha_corrected": 0.0035714285714285718
    },
    "perplexity": {
      "label": "Perplexity",
      "n": 20,
      "refusal_mean": 2.0845562625249934,
      "refusal_std": 0.5940248473285125,
      "censored_mean": 1.8151335223329013,
      "censored_std": 0.1676066438999246,
      "cohen_d": 0.4344825941628423,
      "t_stat": 1.9430652311771373,
      "p_value": 0.06697479481294379,
      "wilcoxon_p": 0.49800872802734375,
      "separates_bonferroni": "False",
      "separates_uncorrected": "False",
      "alpha_corrected": 0.0035714285714285718
    }
  }
}