{
  "tokens_75": {
    "prompt_rankme": {
      "label": "Prompt RankMe",
      "n": 20,
      "refusal_mean": 14.01928881102349,
      "refusal_std": 2.2261212835471933,
      "censored_mean": 21.68839258976921,
      "censored_std": 3.1611291273140933,
      "cohen_d": -2.487048706974506,
      "t_stat": -11.122419944295903,
      "p_value": 9.239417639857294e-10,
      "wilcoxon_p": 1.9073486328125e-06,
      "separates_bonferroni": "True",
      "separates_uncorrected": "True",
      "alpha_corrected": 0.0035714285714285718
    },
    "prompt_alpha_req": {
      "label": "Prompt alpha-ReQ",
      "n": 20,
      "refusal_mean": 1.9057909180601833,
      "refusal_std": 0.287562873693945,
      "censored_mean": 1.3266814235454185,
      "censored_std": 0.12866590594138738,
      "cohen_d": 2.1577834479868048,
      "t_stat": 9.649900940844756,
      "p_value": 9.315116230811452e-09,
      "wilcoxon_p": 1.9073486328125e-06,
      "separates_bonferroni": "True",
      "separates_uncorrected": "True",
      "alpha_corrected": 0.0035714285714285718
    },
    "prompt_coherence": {
      "label": "Prompt Coherence",
      "n": 20,
      "refusal_mean": 0.6576549645801083,
      "refusal_std": 0.05889654975249056,
      "censored_mean": 0.539229122922926,
      "censored_std": 0.03482857685840183,
      "cohen_d": 1.9619119414222077,
      "t_stat": 8.773936933777284,
      "p_value": 4.141268159140868e-08,
      "wilcoxon_p": 1.9073486328125e-06,
      "separates_bonferroni": "True",
      "separates_uncorrected": "True",
      "alpha_corrected": 0.0035714285714285718
    },
    "gen_rankme": {
      "label": "Gen RankMe",
      "n": 20,
      "refusal_mean": 61.49471069623509,
      "refusal_std": 5.648773574145682,
      "censored_mean": 62.58159403785557,
      "censored_std": 1.3323165168534832,
      "cohen_d": -0.19094817557821822,
      "t_stat": -0.8539462015449223,
      "p_value": 0.4037732247860539,
      "wilcoxon_p": 0.8983173370361328,
      "separates_bonferroni": "False",
      "separates_uncorrected": "False",
      "alpha_corrected": 0.0035714285714285718
    },
    "gen_alpha_req": {
      "label": "Gen alpha-ReQ",
      "n": 20,
      "refusal_mean": 0.7811944278964154,
      "refusal_std": 0.04438374297693203,
      "censored_mean": 0.7859558014575263,
      "censored_std": 0.036279167764651093,
      "cohen_d": -0.0866037782165876,
      "t_stat": -0.3873038704012107,
      "p_value": 0.7028355397210354,
      "wilcoxon_p": 0.8694877624511719,
      "separates_bonferroni": "False",
      "separates_uncorrected": "False",
      "alpha_corrected": 0.0035714285714285718
    },
    "gen_coherence": {
      "label": "Gen Coherence",
      "n": 20,
      "refusal_mean": 0.34454781932324385,
      "refusal_std": 0.028478071560603554,
      "censored_mean": 0.35827298213594105,
      "censored_std": 0.02444363959517146,
      "cohen_d": -0.3786742167570329,
      "t_stat": -1.6934825799904312,
      "p_value": 0.10669519747152567,
      "wilcoxon_p": 0.14290618896484375,
      "separates_bonferroni": "False",
      "separates_uncorrected": "False",
      "alpha_corrected": 0.0035714285714285718
    },
    "perplexity": {
      "label": "Perplexity",
      "n": 20,
      "refusal_mean": 1.9451073166014026,
      "refusal_std": 0.22799428860423623,
      "censored_mean": 2.1742392128526355,
      "censored_std": 0.29034508455139074,
      "cohen_d": -0.6795072050256239,
      "t_stat": -3.0388486032763633,
      "p_value": 0.006754175735730385,
      "wilcoxon_p": 0.00830841064453125,
      "separates_bonferroni": "False",
      "separates_uncorrected": "True",
      "alpha_corrected": 0.0035714285714285718
    }
  },
  "tokens_200": {
    "prompt_rankme": {
      "label": "Prompt RankMe",
      "n": 20,
      "refusal_mean": 14.01928881102349,
      "refusal_std": 2.2261212835471933,
      "censored_mean": 21.68839258976921,
      "censored_std": 3.1611291273140933,
      "cohen_d": -2.487048706974506,
      "t_stat": -11.122419944295903,
      "p_value": 9.239417639857294e-10,
      "wilcoxon_p": 1.9073486328125e-06,
      "separates_bonferroni": "True",
      "separates_uncorrected": "True",
      "alpha_corrected": 0.0035714285714285718
    },
    "prompt_alpha_req": {
      "label": "Prompt alpha-ReQ",
      "n": 20,
      "refusal_mean": 1.9057909180601833,
      "refusal_std": 0.287562873693945,
      "censored_mean": 1.3266814235454185,
      "censored_std": 0.12866590594138738,
      "cohen_d": 2.1577834479868048,
      "t_stat": 9.649900940844756,
      "p_value": 9.315116230811452e-09,
      "wilcoxon_p": 1.9073486328125e-06,
      "separates_bonferroni": "True",
      "separates_uncorrected": "True",
      "alpha_corrected": 0.0035714285714285718
    },
    "prompt_coherence": {
      "label": "Prompt Coherence",
      "n": 20,
      "refusal_mean": 0.6576549645801083,
      "refusal_std": 0.05889654975249056,
      "censored_mean": 0.539229122922926,
      "censored_std": 0.03482857685840183,
      "cohen_d": 1.9619119414222077,
      "t_stat": 8.773936933777284,
      "p_value": 4.141268159140868e-08,
      "wilcoxon_p": 1.9073486328125e-06,
      "separates_bonferroni": "True",
      "separates_uncorrected": "True",
      "alpha_corrected": 0.0035714285714285718
    },
    "gen_rankme": {
      "label": "Gen RankMe",
      "n": 20,
      "refusal_mean": 132.21796246939707,
      "refusal_std": 43.89283724178865,
      "censored_mean": 158.0929513474216,
      "censored_std": 3.713517202838512,
      "cohen_d": -0.5657201332471684,
      "t_stat": -2.529977348361815,
      "p_value": 0.02040660759433365,
      "wilcoxon_p": 0.1893482208251953,
      "separates_bonferroni": "False",
      "separates_uncorrected": "True",
      "alpha_corrected": 0.0035714285714285718
    },
    "gen_alpha_req": {
      "label": "Gen alpha-ReQ",
      "n": 20,
      "refusal_mean": 0.7246565869512127,
      "refusal_std": 0.06393898584477319,
      "censored_mean": 0.7014186981292365,
      "censored_std": 0.03215568579502357,
      "cohen_d": 0.3145162980449786,
      "t_stat": 1.4065596449203128,
      "p_value": 0.17570400468768047,
      "wilcoxon_p": 0.38837623596191406,
      "separates_bonferroni": "False",
      "separates_uncorrected": "False",
      "alpha_corrected": 0.0035714285714285718
    },
    "gen_coherence": {
      "label": "Gen Coherence",
      "n": 20,
      "refusal_mean": 0.2917978784549619,
      "refusal_std": 0.04990295392715172,
      "censored_mean": 0.27562179411437737,
      "censored_std": 0.020057088172839358,
      "cohen_d": 0.28393236602783584,
      "t_stat": 1.269784142901186,
      "p_value": 0.21949366626554986,
      "wilcoxon_p": 0.8694877624511719,
      "separates_bonferroni": "False",
      "separates_uncorrected": "False",
      "alpha_corrected": 0.0035714285714285718
    },
    "perplexity": {
      "label": "Perplexity",
      "n": 20,
      "refusal_mean": 1.617610000254531,
      "refusal_std": 0.3258662680857285,
      "censored_mean": 1.641125403969403,
      "censored_std": 0.12707885384016707,
      "cohen_d": -0.07134178294013972,
      "t_stat": -0.31905015258037445,
      "p_value": 0.7531694968989355,
      "wilcoxon_p": 0.14290618896484375,
      "separates_bonferroni": "False",
      "separates_uncorrected": "False",
      "alpha_corrected": 0.0035714285714285718
    }
  }
}