{
  "tokens_75": {
    "prompt_rankme": {
      "label": "Prompt RankMe",
      "n": 20,
      "refusal_mean": 13.625638559375147,
      "refusal_std": 2.098785380527306,
      "censored_mean": 20.12218302375917,
      "censored_std": 2.9789422350316794,
      "cohen_d": -2.197289798117264,
      "t_stat": -9.826578709713985,
      "p_value": 6.971043900994302e-09,
      "wilcoxon_p": 1.9073486328125e-06,
      "separates_bonferroni": "True",
      "separates_uncorrected": "True",
      "alpha_corrected": 0.0035714285714285718
    },
    "prompt_alpha_req": {
      "label": "Prompt alpha-ReQ",
      "n": 20,
      "refusal_mean": 1.8293661199794293,
      "refusal_std": 0.24858068115153673,
      "censored_mean": 1.3696119040521608,
      "censored_std": 0.12234973198038566,
      "cohen_d": 1.9949641594265801,
      "t_stat": 8.921750946307123,
      "p_value": 3.198494499354891e-08,
      "wilcoxon_p": 1.9073486328125e-06,
      "separates_bonferroni": "True",
      "separates_uncorrected": "True",
      "alpha_corrected": 0.0035714285714285718
    },
    "prompt_coherence": {
      "label": "Prompt Coherence",
      "n": 20,
      "refusal_mean": 0.7056765396683392,
      "refusal_std": 0.04622257978017569,
      "censored_mean": 0.67333420753576,
      "censored_std": 0.03732793489306347,
      "cohen_d": 0.6302695268187205,
      "t_stat": 2.8186510122265718,
      "p_value": 0.010968459009726634,
      "wilcoxon_p": 0.01531219482421875,
      "separates_bonferroni": "False",
      "separates_uncorrected": "True",
      "alpha_corrected": 0.0035714285714285718
    },
    "gen_rankme": {
      "label": "Gen RankMe",
      "n": 20,
      "refusal_mean": 59.463767339426475,
      "refusal_std": 3.432978990540612,
      "censored_mean": 57.103659807189636,
      "censored_std": 1.465609013426863,
      "cohen_d": 0.5622653291066189,
      "t_stat": 2.514526994547382,
      "p_value": 0.02108413195937677,
      "wilcoxon_p": 0.0010166168212890625,
      "separates_bonferroni": "False",
      "separates_uncorrected": "True",
      "alpha_corrected": 0.0035714285714285718
    },
    "gen_alpha_req": {
      "label": "Gen alpha-ReQ",
      "n": 20,
      "refusal_mean": 0.8266961397107341,
      "refusal_std": 0.028472914555515094,
      "censored_mean": 0.8825944312065481,
      "censored_std": 0.028571667586312372,
      "cohen_d": -1.1333676646374145,
      "t_stat": -5.068574283258887,
      "p_value": 6.822734946409431e-05,
      "wilcoxon_p": 0.000209808349609375,
      "separates_bonferroni": "True",
      "separates_uncorrected": "True",
      "alpha_corrected": 0.0035714285714285718
    },
    "gen_coherence": {
      "label": "Gen Coherence",
      "n": 20,
      "refusal_mean": 0.41354873842526285,
      "refusal_std": 0.017779376323139653,
      "censored_mean": 0.4980007658636783,
      "censored_std": 0.04321291601626809,
      "cohen_d": -1.5392558052060576,
      "t_stat": -6.883761230403841,
      "p_value": 1.4471844014600852e-06,
      "wilcoxon_p": 5.7220458984375e-06,
      "separates_bonferroni": "True",
      "separates_uncorrected": "True",
      "alpha_corrected": 0.0035714285714285718
    },
    "perplexity": {
      "label": "Perplexity",
      "n": 20,
      "refusal_mean": 2.3120834790297122,
      "refusal_std": 0.25367438377188317,
      "censored_mean": 2.4702382437552677,
      "censored_std": 0.37182134674401063,
      "cohen_d": -0.440696922028788,
      "t_stat": -1.9708565502625892,
      "p_value": 0.06348576138846941,
      "wilcoxon_p": 0.058258056640625,
      "separates_bonferroni": "False",
      "separates_uncorrected": "False",
      "alpha_corrected": 0.0035714285714285718
    }
  },
  "tokens_200": {
    "prompt_rankme": {
      "label": "Prompt RankMe",
      "n": 20,
      "refusal_mean": 13.625638559375147,
      "refusal_std": 2.098785380527306,
      "censored_mean": 20.12218302375917,
      "censored_std": 2.9789422350316794,
      "cohen_d": -2.197289798117264,
      "t_stat": -9.826578709713985,
      "p_value": 6.971043900994302e-09,
      "wilcoxon_p": 1.9073486328125e-06,
      "separates_bonferroni": "True",
      "separates_uncorrected": "True",
      "alpha_corrected": 0.0035714285714285718
    },
    "prompt_alpha_req": {
      "label": "Prompt alpha-ReQ",
      "n": 20,
      "refusal_mean": 1.8293661199794293,
      "refusal_std": 0.24858068115153673,
      "censored_mean": 1.3696119040521608,
      "censored_std": 0.12234973198038566,
      "cohen_d": 1.9949641594265801,
      "t_stat": 8.921750946307123,
      "p_value": 3.198494499354891e-08,
      "wilcoxon_p": 1.9073486328125e-06,
      "separates_bonferroni": "True",
      "separates_uncorrected": "True",
      "alpha_corrected": 0.0035714285714285718
    },
    "prompt_coherence": {
      "label": "Prompt Coherence",
      "n": 20,
      "refusal_mean": 0.7056765396683392,
      "refusal_std": 0.04622257978017569,
      "censored_mean": 0.67333420753576,
      "censored_std": 0.03732793489306347,
      "cohen_d": 0.6302695268187205,
      "t_stat": 2.8186510122265718,
      "p_value": 0.010968459009726634,
      "wilcoxon_p": 0.01531219482421875,
      "separates_bonferroni": "False",
      "separates_uncorrected": "True",
      "alpha_corrected": 0.0035714285714285718
    },
    "gen_rankme": {
      "label": "Gen RankMe",
      "n": 20,
      "refusal_mean": 131.690732727934,
      "refusal_std": 28.080224260451867,
      "censored_mean": 141.01944012250365,
      "censored_std": 2.7015748030289872,
      "cohen_d": -0.3166735226518862,
      "t_stat": -1.4162070466478742,
      "p_value": 0.17290091095056637,
      "wilcoxon_p": 0.5705966949462891,
      "separates_bonferroni": "False",
      "separates_uncorrected": "False",
      "alpha_corrected": 0.0035714285714285718
    },
    "gen_alpha_req": {
      "label": "Gen alpha-ReQ",
      "n": 20,
      "refusal_mean": 0.7603490542151657,
      "refusal_std": 0.033859997307839985,
      "censored_mean": 0.7955134061578357,
      "censored_std": 0.018526919843962004,
      "cohen_d": -0.9358930742824266,
      "t_stat": -4.1854410675335325,
      "p_value": 0.0005017075246794257,
      "wilcoxon_p": 0.001209259033203125,
      "separates_bonferroni": "True",
      "separates_uncorrected": "True",
      "alpha_corrected": 0.0035714285714285718
    },
    "gen_coherence": {
      "label": "Gen Coherence",
      "n": 20,
      "refusal_mean": 0.37134622801720213,
      "refusal_std": 0.028942162578931768,
      "censored_mean": 0.4289719499534991,
      "censored_std": 0.04016781164630244,
      "cohen_d": -1.0056099900470914,
      "t_stat": -4.497224593196367,
      "p_value": 0.0002467336028384266,
      "wilcoxon_p": 0.0004825592041015625,
      "separates_bonferroni": "True",
      "separates_uncorrected": "True",
      "alpha_corrected": 0.0035714285714285718
    },
    "perplexity": {
      "label": "Perplexity",
      "n": 20,
      "refusal_mean": 1.832068299895451,
      "refusal_std": 0.27837869304074875,
      "censored_mean": 1.8227135331741042,
      "censored_std": 0.13086437899775732,
      "cohen_d": 0.02852570489396671,
      "t_stat": 0.12757083049801599,
      "p_value": 0.8998291330229183,
      "wilcoxon_p": 0.3299827575683594,
      "separates_bonferroni": "False",
      "separates_uncorrected": "False",
      "alpha_corrected": 0.0035714285714285718
    }
  }
}