{
  "tokens_75": {
    "prompt_rankme": {
      "label": "Prompt RankMe",
      "n": 20,
      "refusal_mean": 13.361976745261327,
      "refusal_std": 2.0563349939104687,
      "censored_mean": 20.221515787358527,
      "censored_std": 2.9060672570453456,
      "cohen_d": -2.332132641760834,
      "t_stat": -10.42961423904678,
      "p_value": 2.6614944960395724e-09,
      "wilcoxon_p": 1.9073486328125e-06,
      "separates_bonferroni": "True",
      "separates_uncorrected": "True",
      "alpha_corrected": 0.0035714285714285718
    },
    "prompt_alpha_req": {
      "label": "Prompt alpha-ReQ",
      "n": 20,
      "refusal_mean": 2.032390557944395,
      "refusal_std": 0.2829241601618614,
      "censored_mean": 1.4633535347490865,
      "censored_std": 0.13508577839486413,
      "cohen_d": 2.0704534292692434,
      "t_stat": 9.259349224187162,
      "p_value": 1.791034980474967e-08,
      "wilcoxon_p": 1.9073486328125e-06,
      "separates_bonferroni": "True",
      "separates_uncorrected": "True",
      "alpha_corrected": 0.0035714285714285718
    },
    "prompt_coherence": {
      "label": "Prompt Coherence",
      "n": 20,
      "refusal_mean": 0.7369432404607223,
      "refusal_std": 0.0457590505066446,
      "censored_mean": 0.6657992043364659,
      "censored_std": 0.030303037587789836,
      "cohen_d": 1.3138575926654334,
      "t_stat": 5.875749779908277,
      "p_value": 1.1700453769480792e-05,
      "wilcoxon_p": 2.6702880859375e-05,
      "separates_bonferroni": "True",
      "separates_uncorrected": "True",
      "alpha_corrected": 0.0035714285714285718
    },
    "gen_rankme": {
      "label": "Gen RankMe",
      "n": 20,
      "refusal_mean": 51.63694029263229,
      "refusal_std": 10.769388337791492,
      "censored_mean": 57.846242287554375,
      "censored_std": 1.082770054915738,
      "cohen_d": -0.5367588670138604,
      "t_stat": -2.4004586283375224,
      "p_value": 0.026779502107876222,
      "wilcoxon_p": 0.001209259033203125,
      "separates_bonferroni": "False",
      "separates_uncorrected": "True",
      "alpha_corrected": 0.0035714285714285718
    },
    "gen_alpha_req": {
      "label": "Gen alpha-ReQ",
      "n": 20,
      "refusal_mean": 0.9534287881289227,
      "refusal_std": 0.12403456447955713,
      "censored_mean": 0.8693594886587326,
      "censored_std": 0.027610198693822394,
      "cohen_d": 0.6006922067964887,
      "t_stat": 2.6863772159026196,
      "p_value": 0.014612155372456508,
      "wilcoxon_p": 0.0005855560302734375,
      "separates_bonferroni": "False",
      "separates_uncorrected": "True",
      "alpha_corrected": 0.0035714285714285718
    },
    "gen_coherence": {
      "label": "Gen Coherence",
      "n": 20,
      "refusal_mean": 0.5261867333396766,
      "refusal_std": 0.04288989730677129,
      "censored_mean": 0.5053201271967984,
      "censored_std": 0.021001169723276692,
      "cohen_d": 0.38960762297602025,
      "t_stat": 1.7423782590529804,
      "p_value": 0.0976062734787299,
      "wilcoxon_p": 0.13272666931152344,
      "separates_bonferroni": "False",
      "separates_uncorrected": "False",
      "alpha_corrected": 0.0035714285714285718
    },
    "perplexity": {
      "label": "Perplexity",
      "n": 20,
      "refusal_mean": 2.6535536099542325,
      "refusal_std": 0.4914290374645847,
      "censored_mean": 2.489110214660876,
      "censored_std": 0.4720107513971555,
      "cohen_d": 0.2290111101441482,
      "t_stat": 1.0241688197700143,
      "p_value": 0.31861923721995844,
      "wilcoxon_p": 0.7011814117431641,
      "separates_bonferroni": "False",
      "separates_uncorrected": "False",
      "alpha_corrected": 0.0035714285714285718
    }
  },
  "tokens_200": {
    "prompt_rankme": {
      "label": "Prompt RankMe",
      "n": 20,
      "refusal_mean": 13.361976745261327,
      "refusal_std": 2.0563349939104687,
      "censored_mean": 20.221515787358527,
      "censored_std": 2.9060672570453456,
      "cohen_d": -2.332132641760834,
      "t_stat": -10.42961423904678,
      "p_value": 2.6614944960395724e-09,
      "wilcoxon_p": 1.9073486328125e-06,
      "separates_bonferroni": "True",
      "separates_uncorrected": "True",
      "alpha_corrected": 0.0035714285714285718
    },
    "prompt_alpha_req": {
      "label": "Prompt alpha-ReQ",
      "n": 20,
      "refusal_mean": 2.032390557944395,
      "refusal_std": 0.2829241601618614,
      "censored_mean": 1.4633535347490865,
      "censored_std": 0.13508577839486413,
      "cohen_d": 2.0704534292692434,
      "t_stat": 9.259349224187162,
      "p_value": 1.791034980474967e-08,
      "wilcoxon_p": 1.9073486328125e-06,
      "separates_bonferroni": "True",
      "separates_uncorrected": "True",
      "alpha_corrected": 0.0035714285714285718
    },
    "prompt_coherence": {
      "label": "Prompt Coherence",
      "n": 20,
      "refusal_mean": 0.7369432404607223,
      "refusal_std": 0.0457590505066446,
      "censored_mean": 0.6657992043364659,
      "censored_std": 0.030303037587789836,
      "cohen_d": 1.3138575926654334,
      "t_stat": 5.875749779908277,
      "p_value": 1.1700453769480792e-05,
      "wilcoxon_p": 2.6702880859375e-05,
      "separates_bonferroni": "True",
      "separates_uncorrected": "True",
      "alpha_corrected": 0.0035714285714285718
    },
    "gen_rankme": {
      "label": "Gen RankMe",
      "n": 20,
      "refusal_mean": 116.54108367043413,
      "refusal_std": 44.59725213853308,
      "censored_mean": 140.755041095478,
      "censored_std": 12.163076572972171,
      "cohen_d": -0.5956892275436297,
      "t_stat": -2.664003212503793,
      "p_value": 0.015332802678878224,
      "wilcoxon_p": 0.0003223419189453125,
      "separates_bonferroni": "False",
      "separates_uncorrected": "True",
      "alpha_corrected": 0.0035714285714285718
    },
    "gen_alpha_req": {
      "label": "Gen alpha-ReQ",
      "n": 20,
      "refusal_mean": 0.8543868387042595,
      "refusal_std": 0.1707805988026122,
      "censored_mean": 0.758485246432682,
      "censored_std": 0.03254043587222708,
      "cohen_d": 0.540871156060116,
      "t_stat": 2.418849344038634,
      "p_value": 0.02577317233664896,
      "wilcoxon_p": 0.005580902099609375,
      "separates_bonferroni": "False",
      "separates_uncorrected": "True",
      "alpha_corrected": 0.0035714285714285718
    },
    "gen_coherence": {
      "label": "Gen Coherence",
      "n": 20,
      "refusal_mean": 0.484409063029521,
      "refusal_std": 0.05557499194881769,
      "censored_mean": 0.4411274073292447,
      "censored_std": 0.022232037862528423,
      "cohen_d": 0.7072494779858308,
      "t_stat": 3.162915819655117,
      "p_value": 0.005122417362870112,
      "wilcoxon_p": 0.001689910888671875,
      "separates_bonferroni": "False",
      "separates_uncorrected": "True",
      "alpha_corrected": 0.0035714285714285718
    },
    "perplexity": {
      "label": "Perplexity",
      "n": 20,
      "refusal_mean": 2.0267859009064626,
      "refusal_std": 0.5814774480097731,
      "censored_mean": 1.7403926105556056,
      "censored_std": 0.14813238411848517,
      "cohen_d": 0.4341831164860941,
      "t_stat": 1.941725926291232,
      "p_value": 0.06714716427481858,
      "wilcoxon_p": 0.26109886169433594,
      "separates_bonferroni": "False",
      "separates_uncorrected": "False",
      "alpha_corrected": 0.0035714285714285718
    }
  }
}