{
  "tokens_75": {
    "prompt_rankme": {
      "label": "Prompt RankMe",
      "n": 20,
      "refusal_mean": 14.854097699574012,
      "refusal_std": 2.1415544183964155,
      "censored_mean": 21.542947963386663,
      "censored_std": 2.953529945673247,
      "cohen_d": -2.2157592734069973,
      "t_stat": -9.909176714227176,
      "p_value": 6.095040441012363e-09,
      "wilcoxon_p": 1.9073486328125e-06,
      "separates_bonferroni": "True",
      "separates_uncorrected": "True",
      "alpha_corrected": 0.0035714285714285718
    },
    "prompt_alpha_req": {
      "label": "Prompt alpha-ReQ",
      "n": 20,
      "refusal_mean": 1.8460888100967978,
      "refusal_std": 0.23708793152847557,
      "censored_mean": 1.3881387027897492,
      "censored_std": 0.11780573371915463,
      "cohen_d": 2.0632388408329243,
      "t_stat": 9.227084603840575,
      "p_value": 1.891961627422073e-08,
      "wilcoxon_p": 1.9073486328125e-06,
      "separates_bonferroni": "True",
      "separates_uncorrected": "True",
      "alpha_corrected": 0.0035714285714285718
    },
    "prompt_coherence": {
      "label": "Prompt Coherence",
      "n": 20,
      "refusal_mean": 0.7042248507681037,
      "refusal_std": 0.04396000718062105,
      "censored_mean": 0.6352981468117583,
      "censored_std": 0.032519680735858814,
      "cohen_d": 1.4965937479188893,
      "t_stat": 6.692970710095643,
      "p_value": 2.1274295087988847e-06,
      "wilcoxon_p": 1.33514404296875e-05,
      "separates_bonferroni": "True",
      "separates_uncorrected": "True",
      "alpha_corrected": 0.0035714285714285718
    },
    "gen_rankme": {
      "label": "Gen RankMe",
      "n": 20,
      "refusal_mean": 59.86455806216527,
      "refusal_std": 2.141211909497779,
      "censored_mean": 59.48235540269728,
      "censored_std": 1.2647441110904123,
      "cohen_d": 0.1513007554896336,
      "t_stat": 0.6766375486437903,
      "p_value": 0.5067906148873255,
      "wilcoxon_p": 0.40909767150878906,
      "separates_bonferroni": "False",
      "separates_uncorrected": "False",
      "alpha_corrected": 0.0035714285714285718
    },
    "gen_alpha_req": {
      "label": "Gen alpha-ReQ",
      "n": 20,
      "refusal_mean": 0.8291049363563386,
      "refusal_std": 0.04070396927660219,
      "censored_mean": 0.8477677794507406,
      "censored_std": 0.03569816789041566,
      "cohen_d": -0.3217315111212307,
      "t_stat": -1.438827058741603,
      "p_value": 0.16647014287177866,
      "wilcoxon_p": 0.2305126190185547,
      "separates_bonferroni": "False",
      "separates_uncorrected": "False",
      "alpha_corrected": 0.0035714285714285718
    },
    "gen_coherence": {
      "label": "Gen Coherence",
      "n": 20,
      "refusal_mean": 0.43746216194820275,
      "refusal_std": 0.03889944896481784,
      "censored_mean": 0.4583807952019311,
      "censored_std": 0.026549689090585648,
      "cohen_d": -0.4328363904478888,
      "t_stat": -1.93570318435424,
      "p_value": 0.0679271774694021,
      "wilcoxon_p": 0.04844093322753906,
      "separates_bonferroni": "False",
      "separates_uncorrected": "False",
      "alpha_corrected": 0.0035714285714285718
    },
    "perplexity": {
      "label": "Perplexity",
      "n": 20,
      "refusal_mean": 2.798552565445939,
      "refusal_std": 0.38232162504200384,
      "censored_mean": 2.8490849179884874,
      "censored_std": 0.6710821601725886,
      "cohen_d": -0.06822803785080729,
      "t_stat": -0.30512506121166755,
      "p_value": 0.7635882787763896,
      "wilcoxon_p": 0.8123550415039062,
      "separates_bonferroni": "False",
      "separates_uncorrected": "False",
      "alpha_corrected": 0.0035714285714285718
    }
  },
  "tokens_200": {
    "prompt_rankme": {
      "label": "Prompt RankMe",
      "n": 20,
      "refusal_mean": 14.854097699574012,
      "refusal_std": 2.1415544183964155,
      "censored_mean": 21.542947963386663,
      "censored_std": 2.953529945673247,
      "cohen_d": -2.2157592734069973,
      "t_stat": -9.909176714227176,
      "p_value": 6.095040441012363e-09,
      "wilcoxon_p": 1.9073486328125e-06,
      "separates_bonferroni": "True",
      "separates_uncorrected": "True",
      "alpha_corrected": 0.0035714285714285718
    },
    "prompt_alpha_req": {
      "label": "Prompt alpha-ReQ",
      "n": 20,
      "refusal_mean": 1.8460888100967978,
      "refusal_std": 0.23708793152847557,
      "censored_mean": 1.3881387027897492,
      "censored_std": 0.11780573371915463,
      "cohen_d": 2.0632388408329243,
      "t_stat": 9.227084603840575,
      "p_value": 1.891961627422073e-08,
      "wilcoxon_p": 1.9073486328125e-06,
      "separates_bonferroni": "True",
      "separates_uncorrected": "True",
      "alpha_corrected": 0.0035714285714285718
    },
    "prompt_coherence": {
      "label": "Prompt Coherence",
      "n": 20,
      "refusal_mean": 0.7042248507681037,
      "refusal_std": 0.04396000718062105,
      "censored_mean": 0.6352981468117583,
      "censored_std": 0.032519680735858814,
      "cohen_d": 1.4965937479188893,
      "t_stat": 6.692970710095643,
      "p_value": 2.1274295087988847e-06,
      "wilcoxon_p": 1.33514404296875e-05,
      "separates_bonferroni": "True",
      "separates_uncorrected": "True",
      "alpha_corrected": 0.0035714285714285718
    },
    "gen_rankme": {
      "label": "Gen RankMe",
      "n": 20,
      "refusal_mean": 143.58729999460664,
      "refusal_std": 27.069503760261163,
      "censored_mean": 147.6291144255112,
      "censored_std": 13.654657468887027,
      "cohen_d": -0.12355278221176733,
      "t_stat": -0.5525448396694771,
      "p_value": 0.5870173293929786,
      "wilcoxon_p": 0.8408222198486328,
      "separates_bonferroni": "False",
      "separates_uncorrected": "False",
      "alpha_corrected": 0.0035714285714285718
    },
    "gen_alpha_req": {
      "label": "Gen alpha-ReQ",
      "n": 20,
      "refusal_mean": 0.7262557880384579,
      "refusal_std": 0.04310636618879963,
      "censored_mean": 0.7358374034375322,
      "censored_std": 0.026850580123318157,
      "cohen_d": -0.17307274396773165,
      "t_stat": -0.7740048411285293,
      "p_value": 0.44845245017178287,
      "wilcoxon_p": 0.7011814117431641,
      "separates_bonferroni": "False",
      "separates_uncorrected": "False",
      "alpha_corrected": 0.0035714285714285718
    },
    "gen_coherence": {
      "label": "Gen Coherence",
      "n": 20,
      "refusal_mean": 0.3723736439431945,
      "refusal_std": 0.037799570891940186,
      "censored_mean": 0.38287704542047823,
      "censored_std": 0.027910745207364078,
      "cohen_d": -0.2572743178855315,
      "t_stat": -1.150565727313877,
      "p_value": 0.26418625000219814,
      "wilcoxon_p": 0.3299827575683594,
      "separates_bonferroni": "False",
      "separates_uncorrected": "False",
      "alpha_corrected": 0.0035714285714285718
    },
    "perplexity": {
      "label": "Perplexity",
      "n": 20,
      "refusal_mean": 1.89417662585467,
      "refusal_std": 0.28883675295466255,
      "censored_mean": 1.9232602683465914,
      "censored_std": 0.3171660784422952,
      "cohen_d": -0.07379714713361314,
      "t_stat": -0.3300308750726255,
      "p_value": 0.7449877025595089,
      "wilcoxon_p": 0.8983173370361328,
      "separates_bonferroni": "False",
      "separates_uncorrected": "False",
      "alpha_corrected": 0.0035714285714285718
    }
  }
}