{
  "tokens_75": {
    "prompt_rankme": {
      "label": "Prompt RankMe",
      "n": 20,
      "refusal_mean": 13.625527189363407,
      "refusal_std": 2.0990541806605845,
      "censored_mean": 20.122031959187517,
      "censored_std": 2.978937196486298,
      "cohen_d": -2.1972923697060027,
      "t_stat": -9.826590210208442,
      "p_value": 6.970913181831818e-09,
      "wilcoxon_p": 1.9073486328125e-06,
      "separates_bonferroni": "True",
      "separates_uncorrected": "True",
      "alpha_corrected": 0.0035714285714285718
    },
    "prompt_alpha_req": {
      "label": "Prompt alpha-ReQ",
      "n": 20,
      "refusal_mean": 1.9838090381404014,
      "refusal_std": 0.2669791318096061,
      "censored_mean": 1.4609581138080232,
      "censored_std": 0.13659895769655128,
      "cohen_d": 2.088014081342699,
      "t_stat": 9.3378828477181,
      "p_value": 1.568126107516492e-08,
      "wilcoxon_p": 1.9073486328125e-06,
      "separates_bonferroni": "True",
      "separates_uncorrected": "True",
      "alpha_corrected": 0.0035714285714285718
    },
    "prompt_coherence": {
      "label": "Prompt Coherence",
      "n": 20,
      "refusal_mean": 0.7057052537896596,
      "refusal_std": 0.046262345032668274,
      "censored_mean": 0.6733361808608669,
      "censored_std": 0.03732132497731479,
      "cohen_d": 0.6305800316410191,
      "t_stat": 2.8200396320065737,
      "p_value": 0.010935271986843147,
      "wilcoxon_p": 0.01531219482421875,
      "separates_bonferroni": "False",
      "separates_uncorrected": "True",
      "alpha_corrected": 0.0035714285714285718
    },
    "gen_rankme": {
      "label": "Gen RankMe",
      "n": 20,
      "refusal_mean": 60.04952796749876,
      "refusal_std": 1.2579416194364732,
      "censored_mean": 57.09733526496715,
      "censored_std": 1.5220482882903223,
      "cohen_d": 1.2323759105115737,
      "t_stat": 5.5113526194741524,
      "p_value": 2.570540748314806e-05,
      "wilcoxon_p": 3.62396240234375e-05,
      "separates_bonferroni": "True",
      "separates_uncorrected": "True",
      "alpha_corrected": 0.0035714285714285718
    },
    "gen_alpha_req": {
      "label": "Gen alpha-ReQ",
      "n": 20,
      "refusal_mean": 0.838062681384581,
      "refusal_std": 0.030667661471980287,
      "censored_mean": 0.903033170905658,
      "censored_std": 0.03168506447469643,
      "cohen_d": -1.2510053741539355,
      "t_stat": -5.594666113651517,
      "p_value": 2.1442645892080975e-05,
      "wilcoxon_p": 6.29425048828125e-05,
      "separates_bonferroni": "True",
      "separates_uncorrected": "True",
      "alpha_corrected": 0.0035714285714285718
    },
    "gen_coherence": {
      "label": "Gen Coherence",
      "n": 20,
      "refusal_mean": 0.4116517533143182,
      "refusal_std": 0.015398223185397533,
      "censored_mean": 0.49836207740598504,
      "censored_std": 0.04323286620447267,
      "cohen_d": -1.6430536057647593,
      "t_stat": -7.347959106332285,
      "p_value": 5.785196569211422e-07,
      "wilcoxon_p": 3.814697265625e-06,
      "separates_bonferroni": "True",
      "separates_uncorrected": "True",
      "alpha_corrected": 0.0035714285714285718
    },
    "perplexity": {
      "label": "Perplexity",
      "n": 20,
      "refusal_mean": 2.2926242437011948,
      "refusal_std": 0.20775704549833707,
      "censored_mean": 2.4695392109967744,
      "censored_std": 0.3732873413499576,
      "cohen_d": -0.550706217840923,
      "t_stat": -2.4628330774482223,
      "p_value": 0.023507855065323446,
      "wilcoxon_p": 0.039989471435546875,
      "separates_bonferroni": "False",
      "separates_uncorrected": "True",
      "alpha_corrected": 0.0035714285714285718
    }
  },
  "tokens_200": {
    "prompt_rankme": {
      "label": "Prompt RankMe",
      "n": 20,
      "refusal_mean": 13.625527189363407,
      "refusal_std": 2.0990541806605845,
      "censored_mean": 20.122031959187517,
      "censored_std": 2.978937196486298,
      "cohen_d": -2.1972923697060027,
      "t_stat": -9.826590210208442,
      "p_value": 6.970913181831818e-09,
      "wilcoxon_p": 1.9073486328125e-06,
      "separates_bonferroni": "True",
      "separates_uncorrected": "True",
      "alpha_corrected": 0.0035714285714285718
    },
    "prompt_alpha_req": {
      "label": "Prompt alpha-ReQ",
      "n": 20,
      "refusal_mean": 1.9838090381404014,
      "refusal_std": 0.2669791318096061,
      "censored_mean": 1.4609581138080232,
      "censored_std": 0.13659895769655128,
      "cohen_d": 2.088014081342699,
      "t_stat": 9.3378828477181,
      "p_value": 1.568126107516492e-08,
      "wilcoxon_p": 1.9073486328125e-06,
      "separates_bonferroni": "True",
      "separates_uncorrected": "True",
      "alpha_corrected": 0.0035714285714285718
    },
    "prompt_coherence": {
      "label": "Prompt Coherence",
      "n": 20,
      "refusal_mean": 0.7057052537896596,
      "refusal_std": 0.046262345032668274,
      "censored_mean": 0.6733361808608669,
      "censored_std": 0.03732132497731479,
      "cohen_d": 0.6305800316410191,
      "t_stat": 2.8200396320065737,
      "p_value": 0.010935271986843147,
      "wilcoxon_p": 0.01531219482421875,
      "separates_bonferroni": "False",
      "separates_uncorrected": "True",
      "alpha_corrected": 0.0035714285714285718
    },
    "gen_rankme": {
      "label": "Gen RankMe",
      "n": 20,
      "refusal_mean": 132.23273796151406,
      "refusal_std": 26.302843737216136,
      "censored_mean": 141.06372205570437,
      "censored_std": 2.585048176128364,
      "cohen_d": -0.3200144776019407,
      "t_stat": -1.4311482514040466,
      "p_value": 0.1686310828136728,
      "wilcoxon_p": 0.5958194732666016,
      "separates_bonferroni": "False",
      "separates_uncorrected": "False",
      "alpha_corrected": 0.0035714285714285718
    },
    "gen_alpha_req": {
      "label": "Gen alpha-ReQ",
      "n": 20,
      "refusal_mean": 0.761830313377145,
      "refusal_std": 0.026693420427012886,
      "censored_mean": 0.8008618472806066,
      "censored_std": 0.018457328182245523,
      "cohen_d": -1.2535184150522105,
      "t_stat": -5.605904774209076,
      "p_value": 2.092580428507119e-05,
      "wilcoxon_p": 4.76837158203125e-05,
      "separates_bonferroni": "True",
      "separates_uncorrected": "True",
      "alpha_corrected": 0.0035714285714285718
    },
    "gen_coherence": {
      "label": "Gen Coherence",
      "n": 20,
      "refusal_mean": 0.3733327391999585,
      "refusal_std": 0.024889673155766755,
      "censored_mean": 0.42850166884480456,
      "censored_std": 0.039350613654176754,
      "cohen_d": -1.058292349944158,
      "t_stat": -4.732827269086267,
      "p_value": 0.0001447936845655028,
      "wilcoxon_p": 0.0003948211669921875,
      "separates_bonferroni": "True",
      "separates_uncorrected": "True",
      "alpha_corrected": 0.0035714285714285718
    },
    "perplexity": {
      "label": "Perplexity",
      "n": 20,
      "refusal_mean": 1.822789078374162,
      "refusal_std": 0.1822606514071038,
      "censored_mean": 1.8309911391730629,
      "censored_std": 0.12945206922460767,
      "cohen_d": -0.03450103678587755,
      "t_stat": -0.15429332709488613,
      "p_value": 0.8790055972684918,
      "wilcoxon_p": 0.36827659606933594,
      "separates_bonferroni": "False",
      "separates_uncorrected": "False",
      "alpha_corrected": 0.0035714285714285718
    }
  }
}