{
  "tokens_75": {
    "prompt_rankme": {
      "label": "Prompt RankMe",
      "n": 20,
      "refusal_mean": 14.838574146622253,
      "refusal_std": 2.2434019513721677,
      "censored_mean": 22.336852363791202,
      "censored_std": 3.0765825089386643,
      "cohen_d": -2.4090585227880497,
      "t_stat": -10.773637237458612,
      "p_value": 1.5640614971792712e-09,
      "wilcoxon_p": 1.9073486328125e-06,
      "separates_bonferroni": "True",
      "separates_uncorrected": "True",
      "alpha_corrected": 0.0035714285714285718
    },
    "prompt_alpha_req": {
      "label": "Prompt alpha-ReQ",
      "n": 20,
      "refusal_mean": 1.8197932857099448,
      "refusal_std": 0.24826373577071603,
      "censored_mean": 1.306613771966226,
      "censored_std": 0.12269021808038635,
      "cohen_d": 2.2288786349582987,
      "t_stat": 9.96784828272739,
      "p_value": 5.5431140029612085e-09,
      "wilcoxon_p": 1.9073486328125e-06,
      "separates_bonferroni": "True",
      "separates_uncorrected": "True",
      "alpha_corrected": 0.0035714285714285718
    },
    "prompt_coherence": {
      "label": "Prompt Coherence",
      "n": 20,
      "refusal_mean": 0.649039812292523,
      "refusal_std": 0.05440575074527739,
      "censored_mean": 0.5424695109906409,
      "censored_std": 0.03897902303059487,
      "cohen_d": 2.0514496557499964,
      "t_stat": 9.17436176535107,
      "p_value": 2.069828930079588e-08,
      "wilcoxon_p": 3.814697265625e-06,
      "separates_bonferroni": "True",
      "separates_uncorrected": "True",
      "alpha_corrected": 0.0035714285714285718
    },
    "gen_rankme": {
      "label": "Gen RankMe",
      "n": 20,
      "refusal_mean": 61.44468754426616,
      "refusal_std": 2.9431872690420375,
      "censored_mean": 62.03122845788143,
      "censored_std": 1.2577152071739426,
      "cohen_d": -0.16754835651340264,
      "t_stat": -0.7492990293646759,
      "p_value": 0.4628539396669086,
      "wilcoxon_p": 0.9272785186767578,
      "separates_bonferroni": "False",
      "separates_uncorrected": "False",
      "alpha_corrected": 0.0035714285714285718
    },
    "gen_alpha_req": {
      "label": "Gen alpha-ReQ",
      "n": 20,
      "refusal_mean": 0.8184167370363047,
      "refusal_std": 0.08559259884090384,
      "censored_mean": 0.8026302387265295,
      "censored_std": 0.03752406214231146,
      "cohen_d": 0.15560431872740269,
      "t_stat": 0.6958836685340319,
      "p_value": 0.49492659020648416,
      "wilcoxon_p": 0.956329345703125,
      "separates_bonferroni": "False",
      "separates_uncorrected": "False",
      "alpha_corrected": 0.0035714285714285718
    },
    "gen_coherence": {
      "label": "Gen Coherence",
      "n": 20,
      "refusal_mean": 0.36771467650296974,
      "refusal_std": 0.0440775822181308,
      "censored_mean": 0.3630093386836636,
      "censored_std": 0.023386099935231566,
      "cohen_d": 0.08496700030733478,
      "t_stat": 0.37998397706289216,
      "p_value": 0.7081715837808603,
      "wilcoxon_p": 0.8123550415039062,
      "separates_bonferroni": "False",
      "separates_uncorrected": "False",
      "alpha_corrected": 0.0035714285714285718
    },
    "perplexity": {
      "label": "Perplexity",
      "n": 20,
      "refusal_mean": 3.105434178768607,
      "refusal_std": 0.41912657744632487,
      "censored_mean": 3.025284418380185,
      "censored_std": 0.5113404057624871,
      "cohen_d": 0.11832628527039118,
      "t_stat": 0.5291712347792535,
      "p_value": 0.6028149582717234,
      "wilcoxon_p": 0.5458755493164062,
      "separates_bonferroni": "False",
      "separates_uncorrected": "False",
      "alpha_corrected": 0.0035714285714285718
    }
  },
  "tokens_200": {
    "prompt_rankme": {
      "label": "Prompt RankMe",
      "n": 20,
      "refusal_mean": 14.838574146622253,
      "refusal_std": 2.2434019513721677,
      "censored_mean": 22.336852363791202,
      "censored_std": 3.0765825089386643,
      "cohen_d": -2.4090585227880497,
      "t_stat": -10.773637237458612,
      "p_value": 1.5640614971792712e-09,
      "wilcoxon_p": 1.9073486328125e-06,
      "separates_bonferroni": "True",
      "separates_uncorrected": "True",
      "alpha_corrected": 0.0035714285714285718
    },
    "prompt_alpha_req": {
      "label": "Prompt alpha-ReQ",
      "n": 20,
      "refusal_mean": 1.8197932857099448,
      "refusal_std": 0.24826373577071603,
      "censored_mean": 1.306613771966226,
      "censored_std": 0.12269021808038635,
      "cohen_d": 2.2288786349582987,
      "t_stat": 9.96784828272739,
      "p_value": 5.5431140029612085e-09,
      "wilcoxon_p": 1.9073486328125e-06,
      "separates_bonferroni": "True",
      "separates_uncorrected": "True",
      "alpha_corrected": 0.0035714285714285718
    },
    "prompt_coherence": {
      "label": "Prompt Coherence",
      "n": 20,
      "refusal_mean": 0.649039812292523,
      "refusal_std": 0.05440575074527739,
      "censored_mean": 0.5424695109906409,
      "censored_std": 0.03897902303059487,
      "cohen_d": 2.0514496557499964,
      "t_stat": 9.17436176535107,
      "p_value": 2.069828930079588e-08,
      "wilcoxon_p": 3.814697265625e-06,
      "separates_bonferroni": "True",
      "separates_uncorrected": "True",
      "alpha_corrected": 0.0035714285714285718
    },
    "gen_rankme": {
      "label": "Gen RankMe",
      "n": 20,
      "refusal_mean": 147.7139369379743,
      "refusal_std": 16.143011433861265,
      "censored_mean": 155.56091767402398,
      "censored_std": 4.1142108073633645,
      "cohen_d": -0.48565734683399564,
      "t_stat": -2.1719256825860134,
      "p_value": 0.04272685383950211,
      "wilcoxon_p": 0.1230926513671875,
      "separates_bonferroni": "False",
      "separates_uncorrected": "True",
      "alpha_corrected": 0.0035714285714285718
    },
    "gen_alpha_req": {
      "label": "Gen alpha-ReQ",
      "n": 20,
      "refusal_mean": 0.8161340430138827,
      "refusal_std": 0.17487966516003625,
      "censored_mean": 0.7257838517923353,
      "censored_std": 0.038657625963202935,
      "cohen_d": 0.5260875456988015,
      "t_stat": 2.352735028597094,
      "p_value": 0.029564201574954707,
      "wilcoxon_p": 0.08969497680664062,
      "separates_bonferroni": "False",
      "separates_uncorrected": "True",
      "alpha_corrected": 0.0035714285714285718
    },
    "gen_coherence": {
      "label": "Gen Coherence",
      "n": 20,
      "refusal_mean": 0.2970837572061916,
      "refusal_std": 0.04794656579737265,
      "censored_mean": 0.27550254581335115,
      "censored_std": 0.016586436252112553,
      "cohen_d": 0.43484604028498813,
      "t_stat": 1.9446906116476907,
      "p_value": 0.06676613564870676,
      "wilcoxon_p": 0.08969497680664062,
      "separates_bonferroni": "False",
      "separates_uncorrected": "False",
      "alpha_corrected": 0.0035714285714285718
    },
    "perplexity": {
      "label": "Perplexity",
      "n": 20,
      "refusal_mean": 1.8310206297276228,
      "refusal_std": 0.1350963721509872,
      "censored_mean": 1.9317682372360525,
      "censored_std": 0.18784618084534352,
      "cohen_d": -0.3933513428657058,
      "t_stat": -1.7591206833770903,
      "p_value": 0.09465147116941758,
      "wilcoxon_p": 0.16495704650878906,
      "separates_bonferroni": "False",
      "separates_uncorrected": "False",
      "alpha_corrected": 0.0035714285714285718
    }
  }
}