{
  "tokens_75": {
    "prompt_rankme": {
      "label": "Prompt RankMe",
      "n": 20,
      "refusal_mean": 17.046545105612452,
      "refusal_std": 2.911138339528447,
      "censored_mean": 25.80098366171548,
      "censored_std": 4.521629285126169,
      "cohen_d": -2.019058601283598,
      "t_stat": -9.029504566051537,
      "p_value": 2.6540249007997438e-08,
      "wilcoxon_p": 1.9073486328125e-06,
      "separates_bonferroni": "True",
      "separates_uncorrected": "True",
      "alpha_corrected": 0.0035714285714285718
    },
    "prompt_alpha_req": {
      "label": "Prompt alpha-ReQ",
      "n": 20,
      "refusal_mean": 1.6175071910422516,
      "refusal_std": 0.272489347883407,
      "censored_mean": 1.1718766996239371,
      "censored_std": 0.1344804642180331,
      "cohen_d": 1.6747650768716436,
      "t_stat": 7.48977711645531,
      "p_value": 4.3972796835363723e-07,
      "wilcoxon_p": 1.9073486328125e-06,
      "separates_bonferroni": "True",
      "separates_uncorrected": "True",
      "alpha_corrected": 0.0035714285714285718
    },
    "prompt_coherence": {
      "label": "Prompt Coherence",
      "n": 20,
      "refusal_mean": 0.5992584872836486,
      "refusal_std": 0.053565942271496796,
      "censored_mean": 0.5023086871394623,
      "censored_std": 0.0368074043049856,
      "cohen_d": 1.7906656874361113,
      "t_stat": 8.008100404167072,
      "p_value": 1.650945229765129e-07,
      "wilcoxon_p": 3.814697265625e-06,
      "separates_bonferroni": "True",
      "separates_uncorrected": "True",
      "alpha_corrected": 0.0035714285714285718
    },
    "gen_rankme": {
      "label": "Gen RankMe",
      "n": 20,
      "refusal_mean": 64.42366185582421,
      "refusal_std": 0.844066082987003,
      "censored_mean": 64.06652741028765,
      "censored_std": 1.3335465211551,
      "cohen_d": 0.18589763618198943,
      "t_stat": 0.8313595027189057,
      "p_value": 0.41609674580375533,
      "wilcoxon_p": 0.2942523956298828,
      "separates_bonferroni": "False",
      "separates_uncorrected": "False",
      "alpha_corrected": 0.0035714285714285718
    },
    "gen_alpha_req": {
      "label": "Gen alpha-ReQ",
      "n": 20,
      "refusal_mean": 0.7325679757225962,
      "refusal_std": 0.026929636942639935,
      "censored_mean": 0.7452665795116985,
      "censored_std": 0.04139381742450064,
      "cohen_d": -0.21397200238438624,
      "t_stat": -0.9569118852264694,
      "p_value": 0.35063020067340817,
      "wilcoxon_p": 0.26109886169433594,
      "separates_bonferroni": "False",
      "separates_uncorrected": "False",
      "alpha_corrected": 0.0035714285714285718
    },
    "gen_coherence": {
      "label": "Gen Coherence",
      "n": 20,
      "refusal_mean": 0.3241428834827862,
      "refusal_std": 0.018929753815587442,
      "censored_mean": 0.32315684663567573,
      "censored_std": 0.02526384883005124,
      "cohen_d": 0.025228068853149165,
      "t_stat": 0.11282335379337338,
      "p_value": 0.9113541315155936,
      "wilcoxon_p": 0.956329345703125,
      "separates_bonferroni": "False",
      "separates_uncorrected": "False",
      "alpha_corrected": 0.0035714285714285718
    },
    "perplexity": {
      "label": "Perplexity",
      "n": 20,
      "refusal_mean": 2.4226357925521547,
      "refusal_std": 0.21914091565371918,
      "censored_mean": 2.433672253232351,
      "censored_std": 0.3097934626659419,
      "cohen_d": -0.03165083058673835,
      "t_stat": -0.14154681747255302,
      "p_value": 0.888928028766432,
      "wilcoxon_p": 0.9854354858398438,
      "separates_bonferroni": "False",
      "separates_uncorrected": "False",
      "alpha_corrected": 0.0035714285714285718
    }
  },
  "tokens_200": {
    "prompt_rankme": {
      "label": "Prompt RankMe",
      "n": 20,
      "refusal_mean": 17.046545105612452,
      "refusal_std": 2.911138339528447,
      "censored_mean": 25.80098366171548,
      "censored_std": 4.521629285126169,
      "cohen_d": -2.019058601283598,
      "t_stat": -9.029504566051537,
      "p_value": 2.6540249007997438e-08,
      "wilcoxon_p": 1.9073486328125e-06,
      "separates_bonferroni": "True",
      "separates_uncorrected": "True",
      "alpha_corrected": 0.0035714285714285718
    },
    "prompt_alpha_req": {
      "label": "Prompt alpha-ReQ",
      "n": 20,
      "refusal_mean": 1.6175071910422516,
      "refusal_std": 0.272489347883407,
      "censored_mean": 1.1718766996239371,
      "censored_std": 0.1344804642180331,
      "cohen_d": 1.6747650768716436,
      "t_stat": 7.48977711645531,
      "p_value": 4.3972796835363723e-07,
      "wilcoxon_p": 1.9073486328125e-06,
      "separates_bonferroni": "True",
      "separates_uncorrected": "True",
      "alpha_corrected": 0.0035714285714285718
    },
    "prompt_coherence": {
      "label": "Prompt Coherence",
      "n": 20,
      "refusal_mean": 0.5992584872836486,
      "refusal_std": 0.053565942271496796,
      "censored_mean": 0.5023086871394623,
      "censored_std": 0.0368074043049856,
      "cohen_d": 1.7906656874361113,
      "t_stat": 8.008100404167072,
      "p_value": 1.650945229765129e-07,
      "wilcoxon_p": 3.814697265625e-06,
      "separates_bonferroni": "True",
      "separates_uncorrected": "True",
      "alpha_corrected": 0.0035714285714285718
    },
    "gen_rankme": {
      "label": "Gen RankMe",
      "n": 20,
      "refusal_mean": 164.09144414428494,
      "refusal_std": 2.8338458232075374,
      "censored_mean": 162.58762536540024,
      "censored_std": 3.7142383095836045,
      "cohen_d": 0.29839260003089824,
      "t_stat": 1.3344522753039887,
      "p_value": 0.19782902214191808,
      "wilcoxon_p": 0.6215133666992188,
      "separates_bonferroni": "False",
      "separates_uncorrected": "False",
      "alpha_corrected": 0.0035714285714285718
    },
    "gen_alpha_req": {
      "label": "Gen alpha-ReQ",
      "n": 20,
      "refusal_mean": 0.6509173493358966,
      "refusal_std": 0.028061948910098646,
      "censored_mean": 0.6685900248243881,
      "censored_std": 0.037089666350734185,
      "cohen_d": -0.33980604189774155,
      "t_stat": -1.5196588176969836,
      "p_value": 0.1450631411306257,
      "wilcoxon_p": 0.5458755493164062,
      "separates_bonferroni": "False",
      "separates_uncorrected": "False",
      "alpha_corrected": 0.0035714285714285718
    },
    "gen_coherence": {
      "label": "Gen Coherence",
      "n": 20,
      "refusal_mean": 0.24388224143399925,
      "refusal_std": 0.020943349130114617,
      "censored_mean": 0.23216386840569414,
      "censored_std": 0.015473668515271018,
      "cohen_d": 0.47644317403864417,
      "t_stat": 2.130718649132343,
      "p_value": 0.04639560034587628,
      "wilcoxon_p": 0.05316925048828125,
      "separates_bonferroni": "False",
      "separates_uncorrected": "True",
      "alpha_corrected": 0.0035714285714285718
    },
    "perplexity": {
      "label": "Perplexity",
      "n": 20,
      "refusal_mean": 1.6654483438170782,
      "refusal_std": 0.0784118365509858,
      "censored_mean": 1.6930385979851057,
      "censored_std": 0.10804322592249317,
      "cohen_d": -0.22806167910585773,
      "t_stat": -1.0199228350868828,
      "p_value": 0.3205770613037794,
      "wilcoxon_p": 0.34881019592285156,
      "separates_bonferroni": "False",
      "separates_uncorrected": "False",
      "alpha_corrected": 0.0035714285714285718
    }
  }
}